trial,cond,face,subj,acc,order,fam,grp
Johan_0,1,Johan,1,1,4,10,cbu
Tina_0,1,Tina,1,1,4,3,cbu
Steve_0,1,Steve,1,0,4,6,cbu
Rik_0,1,Rik,1,1,4,10,cbu
Sneha_0,1,Sneha,1,1,4,10,cbu
Verity_0,1,Verity,1,0,4,6,cbu
Holly_0,1,Holly,1,0,4,3,cbu
Clare_0,1,Clare,1,0,4,4,cbu
Marta_0,1,Marta,1,1,4,10,cbu
Matt_0,1,Matt,1,0,4,8,cbu
Johan_0,1,Johan,2,1,4,10,cbu
Tina_0,1,Tina,2,1,4,10,cbu
Steve_0,1,Steve,2,0,4,8,cbu
Rik_0,1,Rik,2,1,4,10,cbu
Sneha_0,1,Sneha,2,1,4,7,cbu
Verity_0,1,Verity,2,1,4,10,cbu
Holly_0,1,Holly,2,1,4,7,cbu
Clare_0,1,Clare,2,0,4,10,cbu
Marta_0,1,Marta,2,0,4,10,cbu
Matt_0,1,Matt,2,0,4,10,cbu
Johan_0,1,Johan,3,1,3,10,cbu
Tina_0,1,Tina,3,1,3,8,cbu
Steve_0,1,Steve,3,1,3,9,cbu
Rik_0,1,Rik,3,1,3,10,cbu
Sneha_0,1,Sneha,3,1,3,10,cbu
Verity_0,1,Verity,3,0,3,10,cbu
Holly_0,1,Holly,3,1,3,3,cbu
Clare_0,1,Clare,3,0,3,7,cbu
Marta_0,1,Marta,3,0,3,9,cbu
Matt_0,1,Matt,3,0,3,9,cbu
Johan_0,1,Johan,4,1,4,9,cbu
Tina_0,1,Tina,4,0,4,7,cbu
Steve_0,1,Steve,4,1,4,8,cbu
Rik_0,1,Rik,4,1,4,8,cbu
Sneha_0,1,Sneha,4,1,4,6,cbu
Verity_0,1,Verity,4,1,4,5,cbu
Holly_0,1,Holly,4,1,4,6,cbu
Clare_0,1,Clare,4,0,4,7,cbu
Marta_0,1,Marta,4,0,4,8,cbu
Matt_0,1,Matt,4,0,4,8,cbu
Johan_0,1,Johan,5,1,1,7,cbu
Tina_0,1,Tina,5,1,1,10,cbu
Steve_0,1,Steve,5,1,1,9,cbu
Rik_0,1,Rik,5,0,1,8,cbu
Sneha_0,1,Sneha,5,1,1,8,cbu
Verity_0,1,Verity,5,0,1,8,cbu
Holly_0,1,Holly,5,0,1,7,cbu
Clare_0,1,Clare,5,1,1,10,cbu
Marta_0,1,Marta,5,0,1,7,cbu
Matt_0,1,Matt,5,0,1,7,cbu
Johan_0,1,Johan,6,1,1,10,cbu
Tina_0,1,Tina,6,1,1,10,cbu
Steve_0,1,Steve,6,1,1,8,cbu
Rik_0,1,Rik,6,1,1,10,cbu
Sneha_0,1,Sneha,6,1,1,9,cbu
Verity_0,1,Verity,6,0,1,8,cbu
Holly_0,1,Holly,6,0,1,9,cbu
Clare_0,1,Clare,6,1,1,10,cbu
Marta_0,1,Marta,6,0,1,10,cbu
Matt_0,1,Matt,6,0,1,10,cbu
Johan_0,1,Johan,7,1,1,8,cbu
Tina_0,1,Tina,7,1,1,10,cbu
Steve_0,1,Steve,7,1,1,10,cbu
Rik_0,1,Rik,7,1,1,10,cbu
Sneha_0,1,Sneha,7,1,1,10,cbu
Verity_0,1,Verity,7,0,1,10,cbu
Holly_0,1,Holly,7,0,1,10,cbu
Clare_0,1,Clare,7,0,1,10,cbu
Marta_0,1,Marta,7,0,1,10,cbu
Matt_0,1,Matt,7,0,1,10,cbu
Johan_0,1,Johan,8,1,2,8,cbu
Tina_0,1,Tina,8,1,2,9,cbu
Steve_0,1,Steve,8,0,2,9,cbu
Rik_0,1,Rik,8,0,2,10,cbu
Sneha_0,1,Sneha,8,1,2,7,cbu
Verity_0,1,Verity,8,1,2,7,cbu
Holly_0,1,Holly,8,1,2,8,cbu
Clare_0,1,Clare,8,1,2,8,cbu
Marta_0,1,Marta,8,1,2,7,cbu
Matt_0,1,Matt,8,0,2,9,cbu
Johan_0,1,Johan,9,1,2,5,cbu
Tina_0,1,Tina,9,1,2,5,cbu
Steve_0,1,Steve,9,1,2,7,cbu
Rik_0,1,Rik,9,1,2,7,cbu
Sneha_0,1,Sneha,9,1,2,3,cbu
Verity_0,1,Verity,9,0,2,3,cbu
Holly_0,1,Holly,9,0,2,8,cbu
Clare_0,1,Clare,9,0,2,8,cbu
Marta_0,1,Marta,9,1,2,6,cbu
Matt_0,1,Matt,9,1,2,6,cbu
Johan_0,1,Johan,10,1,3,9,cbu
Tina_0,1,Tina,10,0,3,9,cbu
Steve_0,1,Steve,10,0,3,9,cbu
Rik_0,1,Rik,10,1,3,10,cbu
Sneha_0,1,Sneha,10,1,3,8,cbu
Verity_0,1,Verity,10,0,3,9,cbu
Holly_0,1,Holly,10,0,3,7,cbu
Clare_0,1,Clare,10,1,3,8,cbu
Marta_0,1,Marta,10,1,3,8,cbu
Matt_0,1,Matt,10,0,3,8,cbu
Johan_0,1,Johan,11,1,3,9,cbu
Tina_0,1,Tina,11,1,3,10,cbu
Steve_0,1,Steve,11,0,3,10,cbu
Rik_0,1,Rik,11,1,3,10,cbu
Sneha_0,1,Sneha,11,0,3,8,cbu
Verity_0,1,Verity,11,0,3,9,cbu
Holly_0,1,Holly,11,1,3,10,cbu
Clare_0,1,Clare,11,0,3,10,cbu
Marta_0,1,Marta,11,1,3,10,cbu
Matt_0,1,Matt,11,0,3,10,cbu
Johan_0,1,Johan,12,1,4,10,cbu
Tina_0,1,Tina,12,1,4,10,cbu
Steve_0,1,Steve,12,1,4,10,cbu
Rik_0,1,Rik,12,1,4,10,cbu
Sneha_0,1,Sneha,12,0,4,6,cbu
Verity_0,1,Verity,12,0,4,4,cbu
Holly_0,1,Holly,12,0,4,4,cbu
Clare_0,1,Clare,12,0,4,10,cbu
Marta_0,1,Marta,12,1,4,2,cbu
Matt_0,1,Matt,12,0,4,10,cbu
Johan_0,1,Johan,13,1,2,7,cbu
Tina_0,1,Tina,13,0,2,6,cbu
Steve_0,1,Steve,13,1,2,6,cbu
Rik_0,1,Rik,13,1,2,7,cbu
Sneha_0,1,Sneha,13,1,2,5,cbu
Verity_0,1,Verity,13,0,2,4,cbu
Holly_0,1,Holly,13,0,2,3,cbu
Clare_0,1,Clare,13,1,2,6,cbu
Marta_0,1,Marta,13,0,2,6,cbu
Matt_0,1,Matt,13,0,2,4,cbu
Johan_0,1,Johan,14,1,4,8,cbu
Tina_0,1,Tina,14,1,4,10,cbu
Steve_0,1,Steve,14,0,4,8,cbu
Rik_0,1,Rik,14,0,4,9,cbu
Sneha_0,1,Sneha,14,0,4,3,cbu
Verity_0,1,Verity,14,0,4,0,cbu
Holly_0,1,Holly,14,0,4,10,cbu
Clare_0,1,Clare,14,0,4,10,cbu
Marta_0,1,Marta,14,1,4,8,cbu
Matt_0,1,Matt,14,0,4,7,cbu
Johan_0,1,Johan,15,1,3,6,cbu
Tina_0,1,Tina,15,0,3,9,cbu
Steve_0,1,Steve,15,1,3,6,cbu
Rik_0,1,Rik,15,1,3,8,cbu
Sneha_0,1,Sneha,15,1,3,4,cbu
Verity_0,1,Verity,15,0,3,4,cbu
Holly_0,1,Holly,15,0,3,3,cbu
Clare_0,1,Clare,15,0,3,9,cbu
Marta_0,1,Marta,15,1,3,8,cbu
Matt_0,1,Matt,15,0,3,10,cbu
Johan_0,1,Johan,16,1,4,8,cbu
Tina_0,1,Tina,16,1,4,5,cbu
Steve_0,1,Steve,16,0,4,6,cbu
Rik_0,1,Rik,16,1,4,7,cbu
Sneha_0,1,Sneha,16,1,4,10,cbu
Verity_0,1,Verity,16,0,4,7,cbu
Holly_0,1,Holly,16,0,4,7,cbu
Clare_0,1,Clare,16,0,4,6,cbu
Marta_0,1,Marta,16,1,4,10,cbu
Matt_0,1,Matt,16,0,4,7,cbu
Johan_0,1,Johan,17,1,2,8,cbu
Tina_0,1,Tina,17,0,2,8,cbu
Steve_0,1,Steve,17,0,2,8,cbu
Rik_0,1,Rik,17,1,2,8,cbu
Sneha_0,1,Sneha,17,0,2,6,cbu
Verity_0,1,Verity,17,0,2,6,cbu
Holly_0,1,Holly,17,1,2,6,cbu
Clare_0,1,Clare,17,1,2,9,cbu
Marta_0,1,Marta,17,1,2,9,cbu
Matt_0,1,Matt,17,0,2,8,cbu
Johan_0,1,Johan,18,1,4,5,cbu
Tina_0,1,Tina,18,0,4,7,cbu
Steve_0,1,Steve,18,0,4,8,cbu
Rik_0,1,Rik,18,0,4,8,cbu
Sneha_0,1,Sneha,18,0,4,6,cbu
Verity_0,1,Verity,18,0,4,5,cbu
Holly_0,1,Holly,18,0,4,5,cbu
Clare_0,1,Clare,18,1,4,7,cbu
Marta_0,1,Marta,18,0,4,7,cbu
Matt_0,1,Matt,18,0,4,7,cbu
Johan_0,1,Johan,19,1,4,7,cbu
Tina_0,1,Tina,19,1,4,7,cbu
Steve_0,1,Steve,19,1,4,2,cbu
Rik_0,1,Rik,19,0,4,7,cbu
Sneha_0,1,Sneha,19,1,4,2,cbu
Verity_0,1,Verity,19,1,4,4,cbu
Holly_0,1,Holly,19,0,4,2,cbu
Clare_0,1,Clare,19,1,4,4,cbu
Marta_0,1,Marta,19,0,4,6,cbu
Matt_0,1,Matt,19,0,4,9,cbu
Johan_0,1,Johan,20,1,1,9,cbu
Tina_0,1,Tina,20,1,1,5,cbu
Steve_0,1,Steve,20,1,1,6,cbu
Rik_0,1,Rik,20,1,1,9,cbu
Sneha_0,1,Sneha,20,1,1,8,cbu
Verity_0,1,Verity,20,0,1,5,cbu
Holly_0,1,Holly,20,0,1,1,cbu
Clare_0,1,Clare,20,1,1,6,cbu
Marta_0,1,Marta,20,0,1,6,cbu
Matt_0,1,Matt,20,0,1,7,cbu
Johan_0,1,Johan,21,1,1,10,cbu
Tina_0,1,Tina,21,1,1,10,cbu
Steve_0,1,Steve,21,0,1,10,cbu
Rik_0,1,Rik,21,1,1,10,cbu
Sneha_0,1,Sneha,21,1,1,7,cbu
Verity_0,1,Verity,21,1,1,7,cbu
Holly_0,1,Holly,21,0,1,10,cbu
Clare_0,1,Clare,21,1,1,10,cbu
Marta_0,1,Marta,21,0,1,9,cbu
Matt_0,1,Matt,21,0,1,9,cbu
Johan_0,1,Johan,22,0,1,8,cbu
Tina_0,1,Tina,22,1,1,8,cbu
Steve_0,1,Steve,22,0,1,10,cbu
Rik_0,1,Rik,22,1,1,10,cbu
Sneha_0,1,Sneha,22,1,1,5,cbu
Verity_0,1,Verity,22,0,1,5,cbu
Holly_0,1,Holly,22,1,1,7,cbu
Clare_0,1,Clare,22,0,1,8,cbu
Marta_0,1,Marta,22,0,1,7,cbu
Matt_0,1,Matt,22,0,1,8,cbu
Johan_0,1,Johan,23,1,2,10,cbu
Tina_0,1,Tina,23,1,2,10,cbu
Steve_0,1,Steve,23,0,2,10,cbu
Rik_0,1,Rik,23,0,2,10,cbu
Sneha_0,1,Sneha,23,1,2,10,cbu
Verity_0,1,Verity,23,1,2,10,cbu
Holly_0,1,Holly,23,1,2,10,cbu
Clare_0,1,Clare,23,0,2,10,cbu
Marta_0,1,Marta,23,1,2,10,cbu
Matt_0,1,Matt,23,1,2,10,cbu
Johan_0,1,Johan,24,1,4,9,cbu
Tina_0,1,Tina,24,1,4,8,cbu
Steve_0,1,Steve,24,1,4,4,cbu
Rik_0,1,Rik,24,1,4,9,cbu
Sneha_0,1,Sneha,24,0,4,5,cbu
Verity_0,1,Verity,24,0,4,5,cbu
Holly_0,1,Holly,24,0,4,4,cbu
Clare_0,1,Clare,24,1,4,6,cbu
Marta_0,1,Marta,24,1,4,6,cbu
Matt_0,1,Matt,24,1,4,8,cbu
Johan_0,1,Johan,25,1,1,9,cbu
Tina_0,1,Tina,25,1,1,8,cbu
Steve_0,1,Steve,25,0,1,7,cbu
Rik_0,1,Rik,25,1,1,9,cbu
Sneha_0,1,Sneha,25,1,1,8,cbu
Verity_0,1,Verity,25,0,1,8,cbu
Holly_0,1,Holly,25,0,1,2,cbu
Clare_0,1,Clare,25,0,1,6,cbu
Marta_0,1,Marta,25,0,1,9,cbu
Matt_0,1,Matt,25,0,1,10,cbu
Johan_0,1,Johan,26,1,2,9,cbu
Tina_0,1,Tina,26,0,2,8,cbu
Steve_0,1,Steve,26,0,2,5,cbu
Rik_0,1,Rik,26,0,2,9,cbu
Sneha_0,1,Sneha,26,1,2,7,cbu
Verity_0,1,Verity,26,0,2,7,cbu
Holly_0,1,Holly,26,0,2,6,cbu
Clare_0,1,Clare,26,0,2,2,cbu
Marta_0,1,Marta,26,1,2,8,cbu
Matt_0,1,Matt,26,0,2,5,cbu
Johan_0,1,Johan,27,1,2,9,cbu
Tina_0,1,Tina,27,1,2,9,cbu
Steve_0,1,Steve,27,1,2,9,cbu
Rik_0,1,Rik,27,1,2,9,cbu
Sneha_0,1,Sneha,27,1,2,9,cbu
Verity_0,1,Verity,27,1,2,9,cbu
Holly_0,1,Holly,27,1,2,8,cbu
Clare_0,1,Clare,27,1,2,9,cbu
Marta_0,1,Marta,27,1,2,9,cbu
Matt_0,1,Matt,27,0,2,9,cbu
Johan_0,1,Johan,28,1,3,10,cbu
Tina_0,1,Tina,28,1,3,8,cbu
Steve_0,1,Steve,28,0,3,10,cbu
Rik_0,1,Rik,28,1,3,8,cbu
Sneha_0,1,Sneha,28,1,3,8,cbu
Verity_0,1,Verity,28,0,3,6,cbu
Holly_0,1,Holly,28,1,3,7,cbu
Clare_0,1,Clare,28,1,3,10,cbu
Marta_0,1,Marta,28,0,3,7,cbu
Matt_0,1,Matt,28,1,3,10,cbu
Johan_0,1,Johan,29,1,2,7,cbu
Tina_0,1,Tina,29,1,2,6,cbu
Steve_0,1,Steve,29,0,2,5,cbu
Rik_0,1,Rik,29,0,2,8,cbu
Sneha_0,1,Sneha,29,1,2,9,cbu
Verity_0,1,Verity,29,1,2,9,cbu
Holly_0,1,Holly,29,0,2,6,cbu
Clare_0,1,Clare,29,1,2,2,cbu
Marta_0,1,Marta,29,1,2,9,cbu
Matt_0,1,Matt,29,0,2,8,cbu
Johan_0,1,Johan,30,1,1,10,cbu
Tina_0,1,Tina,30,0,1,10,cbu
Steve_0,1,Steve,30,0,1,10,cbu
Rik_0,1,Rik,30,1,1,10,cbu
Sneha_0,1,Sneha,30,1,1,10,cbu
Verity_0,1,Verity,30,0,1,10,cbu
Holly_0,1,Holly,30,0,1,10,cbu
Clare_0,1,Clare,30,0,1,10,cbu
Marta_0,1,Marta,30,0,1,10,cbu
Matt_0,1,Matt,30,0,1,10,cbu
Johan_0,1,Johan,31,1,4,8,cbu
Tina_0,1,Tina,31,0,4,8,cbu
Steve_0,1,Steve,31,1,4,4,cbu
Rik_0,1,Rik,31,1,4,10,cbu
Sneha_0,1,Sneha,31,1,4,9,cbu
Verity_0,1,Verity,31,1,4,6,cbu
Holly_0,1,Holly,31,1,4,3,cbu
Clare_0,1,Clare,31,1,4,7,cbu
Marta_0,1,Marta,31,1,4,7,cbu
Matt_0,1,Matt,31,0,4,10,cbu
Johan_0,1,Johan,32,1,3,7,cbu
Tina_0,1,Tina,32,0,3,5,cbu
Steve_0,1,Steve,32,0,3,9,cbu
Rik_0,1,Rik,32,1,3,9,cbu
Sneha_0,1,Sneha,32,1,3,4,cbu
Verity_0,1,Verity,32,0,3,3,cbu
Holly_0,1,Holly,32,1,3,2,cbu
Clare_0,1,Clare,32,1,3,3,cbu
Marta_0,1,Marta,32,1,3,9,cbu
Matt_0,1,Matt,32,0,3,9,cbu
Johan_0,1,Johan,33,1,3,7,cbu
Tina_0,1,Tina,33,1,3,7,cbu
Steve_0,1,Steve,33,0,3,7,cbu
Rik_0,1,Rik,33,1,3,9,cbu
Sneha_0,1,Sneha,33,0,3,5,cbu
Verity_0,1,Verity,33,0,3,1,cbu
Holly_0,1,Holly,33,0,3,3,cbu
Clare_0,1,Clare,33,0,3,8,cbu
Marta_0,1,Marta,33,0,3,7,cbu
Matt_0,1,Matt,33,0,3,7,cbu
Johan_0,1,Johan,34,1,4,7,cbu
Tina_0,1,Tina,34,1,4,9,cbu
Steve_0,1,Steve,34,0,4,5,cbu
Rik_0,1,Rik,34,1,4,10,cbu
Sneha_0,1,Sneha,34,1,4,7,cbu
Verity_0,1,Verity,34,1,4,10,cbu
Holly_0,1,Holly,34,1,4,1,cbu
Clare_0,1,Clare,34,1,4,3,cbu
Marta_0,1,Marta,34,1,4,10,cbu
Matt_0,1,Matt,34,0,4,7,cbu
Johan_0,1,Johan,35,1,4,8,cbu
Tina_0,1,Tina,35,0,4,8,cbu
Steve_0,1,Steve,35,1,4,7,cbu
Rik_0,1,Rik,35,1,4,9,cbu
Sneha_0,1,Sneha,35,1,4,6,cbu
Verity_0,1,Verity,35,0,4,9,cbu
Holly_0,1,Holly,35,0,4,8,cbu
Clare_0,1,Clare,35,0,4,5,cbu
Marta_0,1,Marta,35,1,4,8,cbu
Matt_0,1,Matt,35,1,4,9,cbu
Johan_0,1,Johan,36,1,1,8,cbu
Tina_0,1,Tina,36,1,1,5,cbu
Steve_0,1,Steve,36,1,1,8,cbu
Rik_0,1,Rik,36,1,1,8,cbu
Sneha_0,1,Sneha,36,1,1,5,cbu
Verity_0,1,Verity,36,1,1,5,cbu
Holly_0,1,Holly,36,1,1,5,cbu
Clare_0,1,Clare,36,1,1,8,cbu
Marta_0,1,Marta,36,0,1,8,cbu
Matt_0,1,Matt,36,1,1,8,cbu
Johan_0,1,Johan,37,1,3,10,cbu
Tina_0,1,Tina,37,1,3,9,cbu
Steve_0,1,Steve,37,1,3,6,cbu
Rik_0,1,Rik,37,1,3,9,cbu
Sneha_0,1,Sneha,37,1,3,8,cbu
Verity_0,1,Verity,37,1,3,7,cbu
Holly_0,1,Holly,37,1,3,7,cbu
Clare_0,1,Clare,37,1,3,10,cbu
Marta_0,1,Marta,37,1,3,9,cbu
Matt_0,1,Matt,37,0,3,10,cbu
Johan_0,1,Johan,38,1,4,7,cbu
Tina_0,1,Tina,38,1,4,5,cbu
Steve_0,1,Steve,38,1,4,5,cbu
Rik_0,1,Rik,38,0,4,8,cbu
Sneha_0,1,Sneha,38,1,4,7,cbu
Verity_0,1,Verity,38,1,4,4,cbu
Holly_0,1,Holly,38,1,4,3,cbu
Clare_0,1,Clare,38,1,4,8,cbu
Marta_0,1,Marta,38,1,4,3,cbu
Matt_0,1,Matt,38,1,4,8,cbu
Johan_0,1,Johan,39,1,1,4,cbu
Tina_0,1,Tina,39,0,1,1,cbu
Steve_0,1,Steve,39,1,1,3,cbu
Rik_0,1,Rik,39,1,1,5,cbu
Sneha_0,1,Sneha,39,1,1,0,cbu
Verity_0,1,Verity,39,0,1,2,cbu
Holly_0,1,Holly,39,0,1,0,cbu
Clare_0,1,Clare,39,0,1,0,cbu
Marta_0,1,Marta,39,0,1,4,cbu
Matt_0,1,Matt,39,0,1,3,cbu
Johan_0,1,Johan,40,1,4,4,cbu
Tina_0,1,Tina,40,0,4,0,cbu
Steve_0,1,Steve,40,0,4,0,cbu
Rik_0,1,Rik,40,0,4,8,cbu
Sneha_0,1,Sneha,40,1,4,2,cbu
Verity_0,1,Verity,40,1,4,1,cbu
Holly_0,1,Holly,40,0,4,0,cbu
Clare_0,1,Clare,40,1,4,4,cbu
Marta_0,1,Marta,40,0,4,6,cbu
Matt_0,1,Matt,40,0,4,6,cbu
Johan_0,1,Johan,41,1,3,9,cbu
Tina_0,1,Tina,41,1,3,10,cbu
Steve_0,1,Steve,41,1,3,6,cbu
Rik_0,1,Rik,41,1,3,10,cbu
Sneha_0,1,Sneha,41,1,3,3,cbu
Verity_0,1,Verity,41,1,3,3,cbu
Holly_0,1,Holly,41,0,3,6,cbu
Clare_0,1,Clare,41,1,3,10,cbu
Marta_0,1,Marta,41,1,3,8,cbu
Matt_0,1,Matt,41,0,3,10,cbu
Johan_0,1,Johan,42,1,1,10,cbu
Tina_0,1,Tina,42,0,1,10,cbu
Steve_0,1,Steve,42,0,1,9,cbu
Rik_0,1,Rik,42,0,1,10,cbu
Sneha_0,1,Sneha,42,0,1,8,cbu
Verity_0,1,Verity,42,0,1,6,cbu
Holly_0,1,Holly,42,1,1,5,cbu
Clare_0,1,Clare,42,0,1,7,cbu
Marta_0,1,Marta,42,0,1,10,cbu
Matt_0,1,Matt,42,0,1,10,cbu
Johan_0,1,Johan,43,1,1,7,cbu
Tina_0,1,Tina,43,1,1,10,cbu
Steve_0,1,Steve,43,0,1,8,cbu
Rik_0,1,Rik,43,0,1,7,cbu
Sneha_0,1,Sneha,43,1,1,3,cbu
Verity_0,1,Verity,43,0,1,2,cbu
Holly_0,1,Holly,43,0,1,1,cbu
Clare_0,1,Clare,43,0,1,2,cbu
Marta_0,1,Marta,43,0,1,5,cbu
Matt_0,1,Matt,43,0,1,6,cbu
Johan_0,1,Johan,44,1,4,6,cbu
Tina_0,1,Tina,44,1,4,6,cbu
Steve_0,1,Steve,44,0,4,5,cbu
Rik_0,1,Rik,44,1,4,6,cbu
Sneha_0,1,Sneha,44,1,4,4,cbu
Verity_0,1,Verity,44,1,4,3,cbu
Holly_0,1,Holly,44,1,4,6,cbu
Clare_0,1,Clare,44,1,4,7,cbu
Marta_0,1,Marta,44,1,4,7,cbu
Matt_0,1,Matt,44,0,4,7,cbu
Johan_0,1,Johan,45,0,4,7,cbu
Tina_0,1,Tina,45,0,4,5,cbu
Steve_0,1,Steve,45,0,4,4,cbu
Rik_0,1,Rik,45,1,4,10,cbu
Sneha_0,1,Sneha,45,0,4,7,cbu
Verity_0,1,Verity,45,0,4,8,cbu
Holly_0,1,Holly,45,0,4,2,cbu
Clare_0,1,Clare,45,0,4,1,cbu
Marta_0,1,Marta,45,0,4,4,cbu
Matt_0,1,Matt,45,0,4,6,cbu
Johan_0,1,Johan,46,1,2,10,cbu
Tina_0,1,Tina,46,0,2,6,cbu
Steve_0,1,Steve,46,1,2,7,cbu
Rik_0,1,Rik,46,0,2,10,cbu
Sneha_0,1,Sneha,46,0,2,7,cbu
Verity_0,1,Verity,46,0,2,9,cbu
Holly_0,1,Holly,46,0,2,1,cbu
Clare_0,1,Clare,46,1,2,4,cbu
Marta_0,1,Marta,46,1,2,8,cbu
Matt_0,1,Matt,46,0,2,10,cbu
Johan_0,1,Johan,47,1,2,8,cbu
Tina_0,1,Tina,47,0,2,9,cbu
Steve_0,1,Steve,47,1,2,9,cbu
Rik_0,1,Rik,47,0,2,9,cbu
Sneha_0,1,Sneha,47,0,2,9,cbu
Verity_0,1,Verity,47,0,2,9,cbu
Holly_0,1,Holly,47,0,2,5,cbu
Clare_0,1,Clare,47,0,2,6,cbu
Marta_0,1,Marta,47,1,2,9,cbu
Matt_0,1,Matt,47,0,2,9,cbu
Johan_0,1,Johan,48,0,4,9,cbu
Tina_0,1,Tina,48,0,4,8,cbu
Steve_0,1,Steve,48,0,4,7,cbu
Rik_0,1,Rik,48,0,4,9,cbu
Sneha_0,1,Sneha,48,0,4,9,cbu
Verity_0,1,Verity,48,0,4,6,cbu
Holly_0,1,Holly,48,0,4,9,cbu
Clare_0,1,Clare,48,0,4,10,cbu
Marta_0,1,Marta,48,0,4,8,cbu
Matt_0,1,Matt,48,0,4,10,cbu
Johan_0,1,Johan,49,0,3,9,cbu
Tina_0,1,Tina,49,0,3,5,cbu
Steve_0,1,Steve,49,0,3,7,cbu
Rik_0,1,Rik,49,0,3,5,cbu
Sneha_0,1,Sneha,49,0,3,6,cbu
Verity_0,1,Verity,49,0,3,6,cbu
Holly_0,1,Holly,49,1,3,0,cbu
Clare_0,1,Clare,49,0,3,4,cbu
Marta_0,1,Marta,49,0,3,9,cbu
Matt_0,1,Matt,49,0,3,6,cbu
Johan_0,1,Johan,50,0,2,6,cbu
Tina_0,1,Tina,50,0,2,7,cbu
Steve_0,1,Steve,50,0,2,5,cbu
Rik_0,1,Rik,50,0,2,7,cbu
Sneha_0,1,Sneha,50,0,2,6,cbu
Verity_0,1,Verity,50,0,2,6,cbu
Holly_0,1,Holly,50,0,2,0,cbu
Clare_0,1,Clare,50,0,2,5,cbu
Marta_0,1,Marta,50,1,2,4,cbu
Matt_0,1,Matt,50,0,2,6,cbu
Johan_2,2,Johan,1,0,1,10,cbu
Tina_2,2,Tina,1,0,1,3,cbu
Steve_2,2,Steve,1,0,1,6,cbu
Rik_2,2,Rik,1,0,1,10,cbu
Sneha_2,2,Sneha,1,0,1,10,cbu
Verity_2,2,Verity,1,1,1,6,cbu
Holly_2,2,Holly,1,0,1,3,cbu
Clare_2,2,Clare,1,0,1,4,cbu
Marta_2,2,Marta,1,1,1,10,cbu
Matt_2,2,Matt,1,0,1,8,cbu
Johan_2,2,Johan,2,0,2,10,cbu
Tina_2,2,Tina,2,0,2,10,cbu
Steve_2,2,Steve,2,1,2,8,cbu
Rik_2,2,Rik,2,0,2,10,cbu
Sneha_2,2,Sneha,2,0,2,7,cbu
Verity_2,2,Verity,2,0,2,10,cbu
Holly_2,2,Holly,2,0,2,7,cbu
Clare_2,2,Clare,2,0,2,10,cbu
Marta_2,2,Marta,2,1,2,10,cbu
Matt_2,2,Matt,2,0,2,10,cbu
Johan_2,2,Johan,3,1,4,10,cbu
Tina_2,2,Tina,3,0,4,8,cbu
Steve_2,2,Steve,3,0,4,9,cbu
Rik_2,2,Rik,3,0,4,10,cbu
Sneha_2,2,Sneha,3,0,4,10,cbu
Verity_2,2,Verity,3,0,4,10,cbu
Holly_2,2,Holly,3,0,4,3,cbu
Clare_2,2,Clare,3,1,4,7,cbu
Marta_2,2,Marta,3,0,4,9,cbu
Matt_2,2,Matt,3,0,4,9,cbu
Johan_2,2,Johan,4,0,1,9,cbu
Tina_2,2,Tina,4,0,1,7,cbu
Steve_2,2,Steve,4,1,1,8,cbu
Rik_2,2,Rik,4,1,1,8,cbu
Sneha_2,2,Sneha,4,0,1,6,cbu
Verity_2,2,Verity,4,1,1,5,cbu
Holly_2,2,Holly,4,1,1,6,cbu
Clare_2,2,Clare,4,0,1,7,cbu
Marta_2,2,Marta,4,1,1,8,cbu
Matt_2,2,Matt,4,0,1,8,cbu
Johan_2,2,Johan,5,0,3,7,cbu
Tina_2,2,Tina,5,1,3,10,cbu
Steve_2,2,Steve,5,0,3,9,cbu
Rik_2,2,Rik,5,0,3,8,cbu
Sneha_2,2,Sneha,5,0,3,8,cbu
Verity_2,2,Verity,5,0,3,8,cbu
Holly_2,2,Holly,5,0,3,7,cbu
Clare_2,2,Clare,5,0,3,10,cbu
Marta_2,2,Marta,5,1,3,7,cbu
Matt_2,2,Matt,5,0,3,7,cbu
Johan_2,2,Johan,6,1,3,10,cbu
Tina_2,2,Tina,6,0,3,10,cbu
Steve_2,2,Steve,6,0,3,8,cbu
Rik_2,2,Rik,6,0,3,10,cbu
Sneha_2,2,Sneha,6,0,3,9,cbu
Verity_2,2,Verity,6,1,3,8,cbu
Holly_2,2,Holly,6,0,3,9,cbu
Clare_2,2,Clare,6,1,3,10,cbu
Marta_2,2,Marta,6,0,3,10,cbu
Matt_2,2,Matt,6,0,3,10,cbu
Johan_2,2,Johan,7,1,3,8,cbu
Tina_2,2,Tina,7,0,3,10,cbu
Steve_2,2,Steve,7,1,3,10,cbu
Rik_2,2,Rik,7,1,3,10,cbu
Sneha_2,2,Sneha,7,1,3,10,cbu
Verity_2,2,Verity,7,0,3,10,cbu
Holly_2,2,Holly,7,0,3,10,cbu
Clare_2,2,Clare,7,0,3,10,cbu
Marta_2,2,Marta,7,0,3,10,cbu
Matt_2,2,Matt,7,0,3,10,cbu
Johan_2,2,Johan,8,0,3,8,cbu
Tina_2,2,Tina,8,0,3,9,cbu
Steve_2,2,Steve,8,0,3,9,cbu
Rik_2,2,Rik,8,0,3,10,cbu
Sneha_2,2,Sneha,8,0,3,7,cbu
Verity_2,2,Verity,8,0,3,7,cbu
Holly_2,2,Holly,8,0,3,8,cbu
Clare_2,2,Clare,8,0,3,8,cbu
Marta_2,2,Marta,8,0,3,7,cbu
Matt_2,2,Matt,8,0,3,9,cbu
Johan_2,2,Johan,9,1,1,5,cbu
Tina_2,2,Tina,9,0,1,5,cbu
Steve_2,2,Steve,9,1,1,7,cbu
Rik_2,2,Rik,9,1,1,7,cbu
Sneha_2,2,Sneha,9,0,1,3,cbu
Verity_2,2,Verity,9,0,1,3,cbu
Holly_2,2,Holly,9,0,1,8,cbu
Clare_2,2,Clare,9,0,1,8,cbu
Marta_2,2,Marta,9,0,1,6,cbu
Matt_2,2,Matt,9,0,1,6,cbu
Johan_2,2,Johan,10,1,1,9,cbu
Tina_2,2,Tina,10,0,1,9,cbu
Steve_2,2,Steve,10,1,1,9,cbu
Rik_2,2,Rik,10,0,1,10,cbu
Sneha_2,2,Sneha,10,0,1,8,cbu
Verity_2,2,Verity,10,0,1,9,cbu
Holly_2,2,Holly,10,0,1,7,cbu
Clare_2,2,Clare,10,1,1,8,cbu
Marta_2,2,Marta,10,0,1,8,cbu
Matt_2,2,Matt,10,0,1,8,cbu
Johan_2,2,Johan,11,0,2,9,cbu
Tina_2,2,Tina,11,0,2,10,cbu
Steve_2,2,Steve,11,0,2,10,cbu
Rik_2,2,Rik,11,1,2,10,cbu
Sneha_2,2,Sneha,11,0,2,8,cbu
Verity_2,2,Verity,11,0,2,9,cbu
Holly_2,2,Holly,11,0,2,10,cbu
Clare_2,2,Clare,11,0,2,10,cbu
Marta_2,2,Marta,11,1,2,10,cbu
Matt_2,2,Matt,11,0,2,10,cbu
Johan_2,2,Johan,12,0,3,10,cbu
Tina_2,2,Tina,12,0,3,10,cbu
Steve_2,2,Steve,12,0,3,10,cbu
Rik_2,2,Rik,12,0,3,10,cbu
Sneha_2,2,Sneha,12,0,3,6,cbu
Verity_2,2,Verity,12,0,3,4,cbu
Holly_2,2,Holly,12,0,3,4,cbu
Clare_2,2,Clare,12,0,3,10,cbu
Marta_2,2,Marta,12,0,3,2,cbu
Matt_2,2,Matt,12,0,3,10,cbu
Johan_2,2,Johan,13,0,1,7,cbu
Tina_2,2,Tina,13,1,1,6,cbu
Steve_2,2,Steve,13,0,1,6,cbu
Rik_2,2,Rik,13,0,1,7,cbu
Sneha_2,2,Sneha,13,1,1,5,cbu
Verity_2,2,Verity,13,0,1,4,cbu
Holly_2,2,Holly,13,0,1,3,cbu
Clare_2,2,Clare,13,0,1,6,cbu
Marta_2,2,Marta,13,0,1,6,cbu
Matt_2,2,Matt,13,0,1,4,cbu
Johan_2,2,Johan,14,1,2,8,cbu
Tina_2,2,Tina,14,1,2,10,cbu
Steve_2,2,Steve,14,0,2,8,cbu
Rik_2,2,Rik,14,1,2,9,cbu
Sneha_2,2,Sneha,14,0,2,3,cbu
Verity_2,2,Verity,14,0,2,0,cbu
Holly_2,2,Holly,14,0,2,10,cbu
Clare_2,2,Clare,14,0,2,10,cbu
Marta_2,2,Marta,14,1,2,8,cbu
Matt_2,2,Matt,14,0,2,7,cbu
Johan_2,2,Johan,15,0,2,6,cbu
Tina_2,2,Tina,15,0,2,9,cbu
Steve_2,2,Steve,15,0,2,6,cbu
Rik_2,2,Rik,15,1,2,8,cbu
Sneha_2,2,Sneha,15,0,2,4,cbu
Verity_2,2,Verity,15,1,2,4,cbu
Holly_2,2,Holly,15,0,2,3,cbu
Clare_2,2,Clare,15,0,2,9,cbu
Marta_2,2,Marta,15,1,2,8,cbu
Matt_2,2,Matt,15,0,2,10,cbu
Johan_2,2,Johan,16,0,2,8,cbu
Tina_2,2,Tina,16,0,2,5,cbu
Steve_2,2,Steve,16,0,2,6,cbu
Rik_2,2,Rik,16,0,2,7,cbu
Sneha_2,2,Sneha,16,0,2,10,cbu
Verity_2,2,Verity,16,1,2,7,cbu
Holly_2,2,Holly,16,0,2,7,cbu
Clare_2,2,Clare,16,1,2,6,cbu
Marta_2,2,Marta,16,1,2,10,cbu
Matt_2,2,Matt,16,0,2,7,cbu
Johan_2,2,Johan,17,0,4,8,cbu
Tina_2,2,Tina,17,1,4,8,cbu
Steve_2,2,Steve,17,0,4,8,cbu
Rik_2,2,Rik,17,1,4,8,cbu
Sneha_2,2,Sneha,17,0,4,6,cbu
Verity_2,2,Verity,17,1,4,6,cbu
Holly_2,2,Holly,17,0,4,6,cbu
Clare_2,2,Clare,17,0,4,9,cbu
Marta_2,2,Marta,17,0,4,9,cbu
Matt_2,2,Matt,17,0,4,8,cbu
Johan_2,2,Johan,18,0,1,5,cbu
Tina_2,2,Tina,18,0,1,7,cbu
Steve_2,2,Steve,18,0,1,8,cbu
Rik_2,2,Rik,18,0,1,8,cbu
Sneha_2,2,Sneha,18,0,1,6,cbu
Verity_2,2,Verity,18,0,1,5,cbu
Holly_2,2,Holly,18,0,1,5,cbu
Clare_2,2,Clare,18,0,1,7,cbu
Marta_2,2,Marta,18,0,1,7,cbu
Matt_2,2,Matt,18,0,1,7,cbu
Johan_2,2,Johan,19,0,2,7,cbu
Tina_2,2,Tina,19,0,2,7,cbu
Steve_2,2,Steve,19,0,2,2,cbu
Rik_2,2,Rik,19,0,2,7,cbu
Sneha_2,2,Sneha,19,1,2,2,cbu
Verity_2,2,Verity,19,1,2,4,cbu
Holly_2,2,Holly,19,0,2,2,cbu
Clare_2,2,Clare,19,0,2,4,cbu
Marta_2,2,Marta,19,1,2,6,cbu
Matt_2,2,Matt,19,0,2,9,cbu
Johan_2,2,Johan,20,1,2,9,cbu
Tina_2,2,Tina,20,0,2,5,cbu
Steve_2,2,Steve,20,0,2,6,cbu
Rik_2,2,Rik,20,0,2,9,cbu
Sneha_2,2,Sneha,20,1,2,8,cbu
Verity_2,2,Verity,20,0,2,5,cbu
Holly_2,2,Holly,20,0,2,1,cbu
Clare_2,2,Clare,20,0,2,6,cbu
Marta_2,2,Marta,20,1,2,6,cbu
Matt_2,2,Matt,20,1,2,7,cbu
Johan_2,2,Johan,21,1,3,10,cbu
Tina_2,2,Tina,21,1,3,10,cbu
Steve_2,2,Steve,21,0,3,10,cbu
Rik_2,2,Rik,21,1,3,10,cbu
Sneha_2,2,Sneha,21,0,3,7,cbu
Verity_2,2,Verity,21,0,3,7,cbu
Holly_2,2,Holly,21,0,3,10,cbu
Clare_2,2,Clare,21,0,3,10,cbu
Marta_2,2,Marta,21,1,3,9,cbu
Matt_2,2,Matt,21,0,3,9,cbu
Johan_2,2,Johan,22,1,3,8,cbu
Tina_2,2,Tina,22,0,3,8,cbu
Steve_2,2,Steve,22,1,3,10,cbu
Rik_2,2,Rik,22,0,3,10,cbu
Sneha_2,2,Sneha,22,0,3,5,cbu
Verity_2,2,Verity,22,0,3,5,cbu
Holly_2,2,Holly,22,0,3,7,cbu
Clare_2,2,Clare,22,0,3,8,cbu
Marta_2,2,Marta,22,0,3,7,cbu
Matt_2,2,Matt,22,0,3,8,cbu
Johan_2,2,Johan,23,0,3,10,cbu
Tina_2,2,Tina,23,0,3,10,cbu
Steve_2,2,Steve,23,1,3,10,cbu
Rik_2,2,Rik,23,1,3,10,cbu
Sneha_2,2,Sneha,23,0,3,10,cbu
Verity_2,2,Verity,23,0,3,10,cbu
Holly_2,2,Holly,23,0,3,10,cbu
Clare_2,2,Clare,23,0,3,10,cbu
Marta_2,2,Marta,23,1,3,10,cbu
Matt_2,2,Matt,23,0,3,10,cbu
Johan_2,2,Johan,24,0,1,9,cbu
Tina_2,2,Tina,24,0,1,8,cbu
Steve_2,2,Steve,24,1,1,4,cbu
Rik_2,2,Rik,24,0,1,9,cbu
Sneha_2,2,Sneha,24,0,1,5,cbu
Verity_2,2,Verity,24,0,1,5,cbu
Holly_2,2,Holly,24,0,1,4,cbu
Clare_2,2,Clare,24,0,1,6,cbu
Marta_2,2,Marta,24,0,1,6,cbu
Matt_2,2,Matt,24,0,1,8,cbu
Johan_2,2,Johan,25,1,2,9,cbu
Tina_2,2,Tina,25,0,2,8,cbu
Steve_2,2,Steve,25,1,2,7,cbu
Rik_2,2,Rik,25,0,2,9,cbu
Sneha_2,2,Sneha,25,0,2,8,cbu
Verity_2,2,Verity,25,0,2,8,cbu
Holly_2,2,Holly,25,0,2,2,cbu
Clare_2,2,Clare,25,0,2,6,cbu
Marta_2,2,Marta,25,0,2,9,cbu
Matt_2,2,Matt,25,0,2,10,cbu
Johan_2,2,Johan,26,0,3,9,cbu
Tina_2,2,Tina,26,0,3,8,cbu
Steve_2,2,Steve,26,0,3,5,cbu
Rik_2,2,Rik,26,0,3,9,cbu
Sneha_2,2,Sneha,26,0,3,7,cbu
Verity_2,2,Verity,26,0,3,7,cbu
Holly_2,2,Holly,26,0,3,6,cbu
Clare_2,2,Clare,26,0,3,2,cbu
Marta_2,2,Marta,26,0,3,8,cbu
Matt_2,2,Matt,26,0,3,5,cbu
Johan_2,2,Johan,27,1,1,9,cbu
Tina_2,2,Tina,27,0,1,9,cbu
Steve_2,2,Steve,27,1,1,9,cbu
Rik_2,2,Rik,27,1,1,9,cbu
Sneha_2,2,Sneha,27,0,1,9,cbu
Verity_2,2,Verity,27,1,1,9,cbu
Holly_2,2,Holly,27,0,1,8,cbu
Clare_2,2,Clare,27,1,1,9,cbu
Marta_2,2,Marta,27,0,1,9,cbu
Matt_2,2,Matt,27,1,1,9,cbu
Johan_2,2,Johan,28,1,1,10,cbu
Tina_2,2,Tina,28,0,1,8,cbu
Steve_2,2,Steve,28,1,1,10,cbu
Rik_2,2,Rik,28,0,1,8,cbu
Sneha_2,2,Sneha,28,0,1,8,cbu
Verity_2,2,Verity,28,0,1,6,cbu
Holly_2,2,Holly,28,0,1,7,cbu
Clare_2,2,Clare,28,0,1,10,cbu
Marta_2,2,Marta,28,1,1,7,cbu
Matt_2,2,Matt,28,0,1,10,cbu
Johan_2,2,Johan,29,1,4,7,cbu
Tina_2,2,Tina,29,0,4,6,cbu
Steve_2,2,Steve,29,0,4,5,cbu
Rik_2,2,Rik,29,0,4,8,cbu
Sneha_2,2,Sneha,29,0,4,9,cbu
Verity_2,2,Verity,29,1,4,9,cbu
Holly_2,2,Holly,29,0,4,6,cbu
Clare_2,2,Clare,29,0,4,2,cbu
Marta_2,2,Marta,29,0,4,9,cbu
Matt_2,2,Matt,29,0,4,8,cbu
Johan_2,2,Johan,30,0,4,10,cbu
Tina_2,2,Tina,30,0,4,10,cbu
Steve_2,2,Steve,30,0,4,10,cbu
Rik_2,2,Rik,30,1,4,10,cbu
Sneha_2,2,Sneha,30,0,4,10,cbu
Verity_2,2,Verity,30,0,4,10,cbu
Holly_2,2,Holly,30,1,4,10,cbu
Clare_2,2,Clare,30,0,4,10,cbu
Marta_2,2,Marta,30,0,4,10,cbu
Matt_2,2,Matt,30,0,4,10,cbu
Johan_2,2,Johan,31,0,1,8,cbu
Tina_2,2,Tina,31,0,1,8,cbu
Steve_2,2,Steve,31,1,1,4,cbu
Rik_2,2,Rik,31,1,1,10,cbu
Sneha_2,2,Sneha,31,1,1,9,cbu
Verity_2,2,Verity,31,0,1,6,cbu
Holly_2,2,Holly,31,0,1,3,cbu
Clare_2,2,Clare,31,0,1,7,cbu
Marta_2,2,Marta,31,1,1,7,cbu
Matt_2,2,Matt,31,0,1,10,cbu
Johan_2,2,Johan,32,0,1,7,cbu
Tina_2,2,Tina,32,0,1,5,cbu
Steve_2,2,Steve,32,0,1,9,cbu
Rik_2,2,Rik,32,0,1,9,cbu
Sneha_2,2,Sneha,32,0,1,4,cbu
Verity_2,2,Verity,32,0,1,3,cbu
Holly_2,2,Holly,32,0,1,2,cbu
Clare_2,2,Clare,32,1,1,3,cbu
Marta_2,2,Marta,32,1,1,9,cbu
Matt_2,2,Matt,32,0,1,9,cbu
Johan_2,2,Johan,33,1,1,7,cbu
Tina_2,2,Tina,33,0,1,7,cbu
Steve_2,2,Steve,33,0,1,7,cbu
Rik_2,2,Rik,33,0,1,9,cbu
Sneha_2,2,Sneha,33,0,1,5,cbu
Verity_2,2,Verity,33,0,1,1,cbu
Holly_2,2,Holly,33,0,1,3,cbu
Clare_2,2,Clare,33,0,1,8,cbu
Marta_2,2,Marta,33,0,1,7,cbu
Matt_2,2,Matt,33,0,1,7,cbu
Johan_2,2,Johan,34,1,3,7,cbu
Tina_2,2,Tina,34,0,3,9,cbu
Steve_2,2,Steve,34,1,3,5,cbu
Rik_2,2,Rik,34,0,3,10,cbu
Sneha_2,2,Sneha,34,1,3,7,cbu
Verity_2,2,Verity,34,0,3,10,cbu
Holly_2,2,Holly,34,0,3,1,cbu
Clare_2,2,Clare,34,0,3,3,cbu
Marta_2,2,Marta,34,1,3,10,cbu
Matt_2,2,Matt,34,0,3,7,cbu
Johan_2,2,Johan,35,0,3,8,cbu
Tina_2,2,Tina,35,0,3,8,cbu
Steve_2,2,Steve,35,0,3,7,cbu
Rik_2,2,Rik,35,0,3,9,cbu
Sneha_2,2,Sneha,35,0,3,6,cbu
Verity_2,2,Verity,35,0,3,9,cbu
Holly_2,2,Holly,35,0,3,8,cbu
Clare_2,2,Clare,35,1,3,5,cbu
Marta_2,2,Marta,35,1,3,8,cbu
Matt_2,2,Matt,35,0,3,9,cbu
Johan_2,2,Johan,36,1,4,8,cbu
Tina_2,2,Tina,36,0,4,5,cbu
Steve_2,2,Steve,36,1,4,8,cbu
Rik_2,2,Rik,36,0,4,8,cbu
Sneha_2,2,Sneha,36,0,4,5,cbu
Verity_2,2,Verity,36,1,4,5,cbu
Holly_2,2,Holly,36,0,4,5,cbu
Clare_2,2,Clare,36,1,4,8,cbu
Marta_2,2,Marta,36,0,4,8,cbu
Matt_2,2,Matt,36,0,4,8,cbu
Johan_2,2,Johan,37,1,2,10,cbu
Tina_2,2,Tina,37,0,2,9,cbu
Steve_2,2,Steve,37,1,2,6,cbu
Rik_2,2,Rik,37,1,2,9,cbu
Sneha_2,2,Sneha,37,0,2,8,cbu
Verity_2,2,Verity,37,0,2,7,cbu
Holly_2,2,Holly,37,0,2,7,cbu
Clare_2,2,Clare,37,0,2,10,cbu
Marta_2,2,Marta,37,0,2,9,cbu
Matt_2,2,Matt,37,0,2,10,cbu
Johan_2,2,Johan,38,1,2,7,cbu
Tina_2,2,Tina,38,0,2,5,cbu
Steve_2,2,Steve,38,0,2,5,cbu
Rik_2,2,Rik,38,1,2,8,cbu
Sneha_2,2,Sneha,38,0,2,7,cbu
Verity_2,2,Verity,38,0,2,4,cbu
Holly_2,2,Holly,38,0,2,3,cbu
Clare_2,2,Clare,38,0,2,8,cbu
Marta_2,2,Marta,38,0,2,3,cbu
Matt_2,2,Matt,38,1,2,8,cbu
Johan_2,2,Johan,39,1,2,4,cbu
Tina_2,2,Tina,39,0,2,1,cbu
Steve_2,2,Steve,39,0,2,3,cbu
Rik_2,2,Rik,39,0,2,5,cbu
Sneha_2,2,Sneha,39,0,2,0,cbu
Verity_2,2,Verity,39,1,2,2,cbu
Holly_2,2,Holly,39,0,2,0,cbu
Clare_2,2,Clare,39,1,2,0,cbu
Marta_2,2,Marta,39,0,2,4,cbu
Matt_2,2,Matt,39,0,2,3,cbu
Johan_2,2,Johan,40,0,3,4,cbu
Tina_2,2,Tina,40,0,3,0,cbu
Steve_2,2,Steve,40,1,3,0,cbu
Rik_2,2,Rik,40,0,3,8,cbu
Sneha_2,2,Sneha,40,1,3,2,cbu
Verity_2,2,Verity,40,0,3,1,cbu
Holly_2,2,Holly,40,0,3,0,cbu
Clare_2,2,Clare,40,0,3,4,cbu
Marta_2,2,Marta,40,1,3,6,cbu
Matt_2,2,Matt,40,0,3,6,cbu
Johan_2,2,Johan,41,0,2,9,cbu
Tina_2,2,Tina,41,0,2,10,cbu
Steve_2,2,Steve,41,0,2,6,cbu
Rik_2,2,Rik,41,1,2,10,cbu
Sneha_2,2,Sneha,41,0,2,3,cbu
Verity_2,2,Verity,41,0,2,3,cbu
Holly_2,2,Holly,41,0,2,6,cbu
Clare_2,2,Clare,41,0,2,10,cbu
Marta_2,2,Marta,41,1,2,8,cbu
Matt_2,2,Matt,41,0,2,10,cbu
Johan_2,2,Johan,42,0,4,10,cbu
Tina_2,2,Tina,42,1,4,10,cbu
Steve_2,2,Steve,42,0,4,9,cbu
Rik_2,2,Rik,42,0,4,10,cbu
Sneha_2,2,Sneha,42,0,4,8,cbu
Verity_2,2,Verity,42,0,4,6,cbu
Holly_2,2,Holly,42,0,4,5,cbu
Clare_2,2,Clare,42,0,4,7,cbu
Marta_2,2,Marta,42,0,4,10,cbu
Matt_2,2,Matt,42,0,4,10,cbu
Johan_2,2,Johan,43,0,2,7,cbu
Tina_2,2,Tina,43,1,2,10,cbu
Steve_2,2,Steve,43,0,2,8,cbu
Rik_2,2,Rik,43,1,2,7,cbu
Sneha_2,2,Sneha,43,1,2,3,cbu
Verity_2,2,Verity,43,0,2,2,cbu
Holly_2,2,Holly,43,0,2,1,cbu
Clare_2,2,Clare,43,0,2,2,cbu
Marta_2,2,Marta,43,0,2,5,cbu
Matt_2,2,Matt,43,0,2,6,cbu
Johan_2,2,Johan,44,0,2,6,cbu
Tina_2,2,Tina,44,0,2,6,cbu
Steve_2,2,Steve,44,0,2,5,cbu
Rik_2,2,Rik,44,0,2,6,cbu
Sneha_2,2,Sneha,44,0,2,4,cbu
Verity_2,2,Verity,44,1,2,3,cbu
Holly_2,2,Holly,44,0,2,6,cbu
Clare_2,2,Clare,44,0,2,7,cbu
Marta_2,2,Marta,44,0,2,7,cbu
Matt_2,2,Matt,44,0,2,7,cbu
Johan_2,2,Johan,45,0,3,7,cbu
Tina_2,2,Tina,45,1,3,5,cbu
Steve_2,2,Steve,45,0,3,4,cbu
Rik_2,2,Rik,45,0,3,10,cbu
Sneha_2,2,Sneha,45,0,3,7,cbu
Verity_2,2,Verity,45,0,3,8,cbu
Holly_2,2,Holly,45,0,3,2,cbu
Clare_2,2,Clare,45,0,3,1,cbu
Marta_2,2,Marta,45,0,3,4,cbu
Matt_2,2,Matt,45,0,3,6,cbu
Johan_2,2,Johan,46,1,4,10,cbu
Tina_2,2,Tina,46,0,4,6,cbu
Steve_2,2,Steve,46,1,4,7,cbu
Rik_2,2,Rik,46,1,4,10,cbu
Sneha_2,2,Sneha,46,1,4,7,cbu
Verity_2,2,Verity,46,0,4,9,cbu
Holly_2,2,Holly,46,1,4,1,cbu
Clare_2,2,Clare,46,1,4,4,cbu
Marta_2,2,Marta,46,0,4,8,cbu
Matt_2,2,Matt,46,1,4,10,cbu
Johan_2,2,Johan,47,0,3,8,cbu
Tina_2,2,Tina,47,0,3,9,cbu
Steve_2,2,Steve,47,0,3,9,cbu
Rik_2,2,Rik,47,0,3,9,cbu
Sneha_2,2,Sneha,47,0,3,9,cbu
Verity_2,2,Verity,47,0,3,9,cbu
Holly_2,2,Holly,47,1,3,5,cbu
Clare_2,2,Clare,47,0,3,6,cbu
Marta_2,2,Marta,47,1,3,9,cbu
Matt_2,2,Matt,47,0,3,9,cbu
Johan_2,2,Johan,48,0,1,9,cbu
Tina_2,2,Tina,48,0,1,8,cbu
Steve_2,2,Steve,48,0,1,7,cbu
Rik_2,2,Rik,48,0,1,9,cbu
Sneha_2,2,Sneha,48,0,1,9,cbu
Verity_2,2,Verity,48,0,1,6,cbu
Holly_2,2,Holly,48,0,1,9,cbu
Clare_2,2,Clare,48,1,1,10,cbu
Marta_2,2,Marta,48,1,1,8,cbu
Matt_2,2,Matt,48,0,1,10,cbu
Johan_2,2,Johan,49,1,1,9,cbu
Tina_2,2,Tina,49,0,1,5,cbu
Steve_2,2,Steve,49,0,1,7,cbu
Rik_2,2,Rik,49,0,1,5,cbu
Sneha_2,2,Sneha,49,1,1,6,cbu
Verity_2,2,Verity,49,1,1,6,cbu
Holly_2,2,Holly,49,0,1,0,cbu
Clare_2,2,Clare,49,1,1,4,cbu
Marta_2,2,Marta,49,1,1,9,cbu
Matt_2,2,Matt,49,0,1,6,cbu
Johan_2,2,Johan,50,1,1,6,cbu
Tina_2,2,Tina,50,1,1,7,cbu
Steve_2,2,Steve,50,1,1,5,cbu
Rik_2,2,Rik,50,1,1,7,cbu
Sneha_2,2,Sneha,50,1,1,6,cbu
Verity_2,2,Verity,50,1,1,6,cbu
Holly_2,2,Holly,50,0,1,0,cbu
Clare_2,2,Clare,50,1,1,5,cbu
Marta_2,2,Marta,50,1,1,4,cbu
Matt_2,2,Matt,50,0,1,6,cbu
Johan_3,3,Johan,1,0,3,10,cbu
Tina_3,3,Tina,1,0,3,3,cbu
Steve_3,3,Steve,1,0,3,6,cbu
Rik_3,3,Rik,1,1,3,10,cbu
Sneha_3,3,Sneha,1,0,3,10,cbu
Verity_3,3,Verity,1,1,3,6,cbu
Holly_3,3,Holly,1,0,3,3,cbu
Clare_3,3,Clare,1,0,3,4,cbu
Marta_3,3,Marta,1,1,3,10,cbu
Matt_3,3,Matt,1,0,3,8,cbu
Johan_3,3,Johan,2,0,1,10,cbu
Tina_3,3,Tina,2,0,1,10,cbu
Steve_3,3,Steve,2,0,1,8,cbu
Rik_3,3,Rik,2,1,1,10,cbu
Sneha_3,3,Sneha,2,0,1,7,cbu
Verity_3,3,Verity,2,0,1,10,cbu
Holly_3,3,Holly,2,0,1,7,cbu
Clare_3,3,Clare,2,0,1,10,cbu
Marta_3,3,Marta,2,0,1,10,cbu
Matt_3,3,Matt,2,0,1,10,cbu
Johan_3,3,Johan,3,0,1,10,cbu
Tina_3,3,Tina,3,0,1,8,cbu
Steve_3,3,Steve,3,0,1,9,cbu
Rik_3,3,Rik,3,0,1,10,cbu
Sneha_3,3,Sneha,3,0,1,10,cbu
Verity_3,3,Verity,3,0,1,10,cbu
Holly_3,3,Holly,3,0,1,3,cbu
Clare_3,3,Clare,3,0,1,7,cbu
Marta_3,3,Marta,3,0,1,9,cbu
Matt_3,3,Matt,3,0,1,9,cbu
Johan_3,3,Johan,4,1,2,9,cbu
Tina_3,3,Tina,4,0,2,7,cbu
Steve_3,3,Steve,4,1,2,8,cbu
Rik_3,3,Rik,4,1,2,8,cbu
Sneha_3,3,Sneha,4,0,2,6,cbu
Verity_3,3,Verity,4,1,2,5,cbu
Holly_3,3,Holly,4,0,2,6,cbu
Clare_3,3,Clare,4,1,2,7,cbu
Marta_3,3,Marta,4,1,2,8,cbu
Matt_3,3,Matt,4,0,2,8,cbu
Johan_3,3,Johan,5,0,2,7,cbu
Tina_3,3,Tina,5,1,2,10,cbu
Steve_3,3,Steve,5,1,2,9,cbu
Rik_3,3,Rik,5,0,2,8,cbu
Sneha_3,3,Sneha,5,1,2,8,cbu
Verity_3,3,Verity,5,0,2,8,cbu
Holly_3,3,Holly,5,0,2,7,cbu
Clare_3,3,Clare,5,1,2,10,cbu
Marta_3,3,Marta,5,0,2,7,cbu
Matt_3,3,Matt,5,0,2,7,cbu
Johan_3,3,Johan,6,1,2,10,cbu
Tina_3,3,Tina,6,0,2,10,cbu
Steve_3,3,Steve,6,0,2,8,cbu
Rik_3,3,Rik,6,1,2,10,cbu
Sneha_3,3,Sneha,6,0,2,9,cbu
Verity_3,3,Verity,6,1,2,8,cbu
Holly_3,3,Holly,6,0,2,9,cbu
Clare_3,3,Clare,6,1,2,10,cbu
Marta_3,3,Marta,6,0,2,10,cbu
Matt_3,3,Matt,6,0,2,10,cbu
Johan_3,3,Johan,7,1,2,8,cbu
Tina_3,3,Tina,7,0,2,10,cbu
Steve_3,3,Steve,7,0,2,10,cbu
Rik_3,3,Rik,7,1,2,10,cbu
Sneha_3,3,Sneha,7,0,2,10,cbu
Verity_3,3,Verity,7,1,2,10,cbu
Holly_3,3,Holly,7,0,2,10,cbu
Clare_3,3,Clare,7,1,2,10,cbu
Marta_3,3,Marta,7,1,2,10,cbu
Matt_3,3,Matt,7,0,2,10,cbu
Johan_3,3,Johan,8,1,4,8,cbu
Tina_3,3,Tina,8,0,4,9,cbu
Steve_3,3,Steve,8,1,4,9,cbu
Rik_3,3,Rik,8,0,4,10,cbu
Sneha_3,3,Sneha,8,1,4,7,cbu
Verity_3,3,Verity,8,1,4,7,cbu
Holly_3,3,Holly,8,0,4,8,cbu
Clare_3,3,Clare,8,1,4,8,cbu
Marta_3,3,Marta,8,0,4,7,cbu
Matt_3,3,Matt,8,0,4,9,cbu
Johan_3,3,Johan,9,1,4,5,cbu
Tina_3,3,Tina,9,1,4,5,cbu
Steve_3,3,Steve,9,1,4,7,cbu
Rik_3,3,Rik,9,1,4,7,cbu
Sneha_3,3,Sneha,9,1,4,3,cbu
Verity_3,3,Verity,9,1,4,3,cbu
Holly_3,3,Holly,9,1,4,8,cbu
Clare_3,3,Clare,9,1,4,8,cbu
Marta_3,3,Marta,9,1,4,6,cbu
Matt_3,3,Matt,9,1,4,6,cbu
Johan_3,3,Johan,10,1,4,9,cbu
Tina_3,3,Tina,10,0,4,9,cbu
Steve_3,3,Steve,10,0,4,9,cbu
Rik_3,3,Rik,10,1,4,10,cbu
Sneha_3,3,Sneha,10,0,4,8,cbu
Verity_3,3,Verity,10,0,4,9,cbu
Holly_3,3,Holly,10,0,4,7,cbu
Clare_3,3,Clare,10,0,4,8,cbu
Marta_3,3,Marta,10,0,4,8,cbu
Matt_3,3,Matt,10,0,4,8,cbu
Johan_3,3,Johan,11,0,4,9,cbu
Tina_3,3,Tina,11,0,4,10,cbu
Steve_3,3,Steve,11,1,4,10,cbu
Rik_3,3,Rik,11,1,4,10,cbu
Sneha_3,3,Sneha,11,0,4,8,cbu
Verity_3,3,Verity,11,0,4,9,cbu
Holly_3,3,Holly,11,0,4,10,cbu
Clare_3,3,Clare,11,0,4,10,cbu
Marta_3,3,Marta,11,1,4,10,cbu
Matt_3,3,Matt,11,1,4,10,cbu
Johan_3,3,Johan,12,0,2,10,cbu
Tina_3,3,Tina,12,0,2,10,cbu
Steve_3,3,Steve,12,0,2,10,cbu
Rik_3,3,Rik,12,0,2,10,cbu
Sneha_3,3,Sneha,12,0,2,6,cbu
Verity_3,3,Verity,12,0,2,4,cbu
Holly_3,3,Holly,12,1,2,4,cbu
Clare_3,3,Clare,12,0,2,10,cbu
Marta_3,3,Marta,12,0,2,2,cbu
Matt_3,3,Matt,12,0,2,10,cbu
Johan_3,3,Johan,13,1,4,7,cbu
Tina_3,3,Tina,13,0,4,6,cbu
Steve_3,3,Steve,13,0,4,6,cbu
Rik_3,3,Rik,13,0,4,7,cbu
Sneha_3,3,Sneha,13,0,4,5,cbu
Verity_3,3,Verity,13,1,4,4,cbu
Holly_3,3,Holly,13,0,4,3,cbu
Clare_3,3,Clare,13,1,4,6,cbu
Marta_3,3,Marta,13,1,4,6,cbu
Matt_3,3,Matt,13,0,4,4,cbu
Johan_3,3,Johan,14,0,1,8,cbu
Tina_3,3,Tina,14,1,1,10,cbu
Steve_3,3,Steve,14,1,1,8,cbu
Rik_3,3,Rik,14,1,1,9,cbu
Sneha_3,3,Sneha,14,0,1,3,cbu
Verity_3,3,Verity,14,0,1,0,cbu
Holly_3,3,Holly,14,0,1,10,cbu
Clare_3,3,Clare,14,1,1,10,cbu
Marta_3,3,Marta,14,0,1,8,cbu
Matt_3,3,Matt,14,0,1,7,cbu
Johan_3,3,Johan,15,1,1,6,cbu
Tina_3,3,Tina,15,0,1,9,cbu
Steve_3,3,Steve,15,0,1,6,cbu
Rik_3,3,Rik,15,0,1,8,cbu
Sneha_3,3,Sneha,15,0,1,4,cbu
Verity_3,3,Verity,15,0,1,4,cbu
Holly_3,3,Holly,15,0,1,3,cbu
Clare_3,3,Clare,15,0,1,9,cbu
Marta_3,3,Marta,15,0,1,8,cbu
Matt_3,3,Matt,15,0,1,10,cbu
Johan_3,3,Johan,16,0,1,8,cbu
Tina_3,3,Tina,16,1,1,5,cbu
Steve_3,3,Steve,16,0,1,6,cbu
Rik_3,3,Rik,16,1,1,7,cbu
Sneha_3,3,Sneha,16,1,1,10,cbu
Verity_3,3,Verity,16,0,1,7,cbu
Holly_3,3,Holly,16,0,1,7,cbu
Clare_3,3,Clare,16,0,1,6,cbu
Marta_3,3,Marta,16,1,1,10,cbu
Matt_3,3,Matt,16,1,1,7,cbu
Johan_3,3,Johan,17,1,1,8,cbu
Tina_3,3,Tina,17,0,1,8,cbu
Steve_3,3,Steve,17,1,1,8,cbu
Rik_3,3,Rik,17,0,1,8,cbu
Sneha_3,3,Sneha,17,0,1,6,cbu
Verity_3,3,Verity,17,0,1,6,cbu
Holly_3,3,Holly,17,0,1,6,cbu
Clare_3,3,Clare,17,0,1,9,cbu
Marta_3,3,Marta,17,0,1,9,cbu
Matt_3,3,Matt,17,0,1,8,cbu
Johan_3,3,Johan,18,1,3,5,cbu
Tina_3,3,Tina,18,0,3,7,cbu
Steve_3,3,Steve,18,0,3,8,cbu
Rik_3,3,Rik,18,1,3,8,cbu
Sneha_3,3,Sneha,18,0,3,6,cbu
Verity_3,3,Verity,18,0,3,5,cbu
Holly_3,3,Holly,18,0,3,5,cbu
Clare_3,3,Clare,18,0,3,7,cbu
Marta_3,3,Marta,18,0,3,7,cbu
Matt_3,3,Matt,18,0,3,7,cbu
Johan_3,3,Johan,19,1,1,7,cbu
Tina_3,3,Tina,19,1,1,7,cbu
Steve_3,3,Steve,19,0,1,2,cbu
Rik_3,3,Rik,19,0,1,7,cbu
Sneha_3,3,Sneha,19,1,1,2,cbu
Verity_3,3,Verity,19,1,1,4,cbu
Holly_3,3,Holly,19,0,1,2,cbu
Clare_3,3,Clare,19,1,1,4,cbu
Marta_3,3,Marta,19,0,1,6,cbu
Matt_3,3,Matt,19,0,1,9,cbu
Johan_3,3,Johan,20,1,4,9,cbu
Tina_3,3,Tina,20,0,4,5,cbu
Steve_3,3,Steve,20,0,4,6,cbu
Rik_3,3,Rik,20,1,4,9,cbu
Sneha_3,3,Sneha,20,1,4,8,cbu
Verity_3,3,Verity,20,0,4,5,cbu
Holly_3,3,Holly,20,0,4,1,cbu
Clare_3,3,Clare,20,1,4,6,cbu
Marta_3,3,Marta,20,0,4,6,cbu
Matt_3,3,Matt,20,0,4,7,cbu
Johan_3,3,Johan,21,1,2,10,cbu
Tina_3,3,Tina,21,0,2,10,cbu
Steve_3,3,Steve,21,1,2,10,cbu
Rik_3,3,Rik,21,1,2,10,cbu
Sneha_3,3,Sneha,21,0,2,7,cbu
Verity_3,3,Verity,21,1,2,7,cbu
Holly_3,3,Holly,21,0,2,10,cbu
Clare_3,3,Clare,21,1,2,10,cbu
Marta_3,3,Marta,21,1,2,9,cbu
Matt_3,3,Matt,21,1,2,9,cbu
Johan_3,3,Johan,22,0,4,8,cbu
Tina_3,3,Tina,22,1,4,8,cbu
Steve_3,3,Steve,22,0,4,10,cbu
Rik_3,3,Rik,22,1,4,10,cbu
Sneha_3,3,Sneha,22,1,4,5,cbu
Verity_3,3,Verity,22,1,4,5,cbu
Holly_3,3,Holly,22,0,4,7,cbu
Clare_3,3,Clare,22,1,4,8,cbu
Marta_3,3,Marta,22,0,4,7,cbu
Matt_3,3,Matt,22,1,4,8,cbu
Johan_3,3,Johan,23,1,1,10,cbu
Tina_3,3,Tina,23,0,1,10,cbu
Steve_3,3,Steve,23,1,1,10,cbu
Rik_3,3,Rik,23,1,1,10,cbu
Sneha_3,3,Sneha,23,0,1,10,cbu
Verity_3,3,Verity,23,1,1,10,cbu
Holly_3,3,Holly,23,0,1,10,cbu
Clare_3,3,Clare,23,0,1,10,cbu
Marta_3,3,Marta,23,0,1,10,cbu
Matt_3,3,Matt,23,0,1,10,cbu
Johan_3,3,Johan,24,0,2,9,cbu
Tina_3,3,Tina,24,0,2,8,cbu
Steve_3,3,Steve,24,0,2,4,cbu
Rik_3,3,Rik,24,1,2,9,cbu
Sneha_3,3,Sneha,24,0,2,5,cbu
Verity_3,3,Verity,24,0,2,5,cbu
Holly_3,3,Holly,24,0,2,4,cbu
Clare_3,3,Clare,24,0,2,6,cbu
Marta_3,3,Marta,24,0,2,6,cbu
Matt_3,3,Matt,24,0,2,8,cbu
Johan_3,3,Johan,25,1,3,9,cbu
Tina_3,3,Tina,25,0,3,8,cbu
Steve_3,3,Steve,25,1,3,7,cbu
Rik_3,3,Rik,25,0,3,9,cbu
Sneha_3,3,Sneha,25,0,3,8,cbu
Verity_3,3,Verity,25,0,3,8,cbu
Holly_3,3,Holly,25,0,3,2,cbu
Clare_3,3,Clare,25,0,3,6,cbu
Marta_3,3,Marta,25,0,3,9,cbu
Matt_3,3,Matt,25,0,3,10,cbu
Johan_3,3,Johan,26,0,1,9,cbu
Tina_3,3,Tina,26,0,1,8,cbu
Steve_3,3,Steve,26,0,1,5,cbu
Rik_3,3,Rik,26,0,1,9,cbu
Sneha_3,3,Sneha,26,0,1,7,cbu
Verity_3,3,Verity,26,1,1,7,cbu
Holly_3,3,Holly,26,0,1,6,cbu
Clare_3,3,Clare,26,0,1,2,cbu
Marta_3,3,Marta,26,1,1,8,cbu
Matt_3,3,Matt,26,0,1,5,cbu
Johan_3,3,Johan,27,1,4,9,cbu
Tina_3,3,Tina,27,1,4,9,cbu
Steve_3,3,Steve,27,1,4,9,cbu
Rik_3,3,Rik,27,1,4,9,cbu
Sneha_3,3,Sneha,27,0,4,9,cbu
Verity_3,3,Verity,27,1,4,9,cbu
Holly_3,3,Holly,27,0,4,8,cbu
Clare_3,3,Clare,27,0,4,9,cbu
Marta_3,3,Marta,27,0,4,9,cbu
Matt_3,3,Matt,27,1,4,9,cbu
Johan_3,3,Johan,28,1,4,10,cbu
Tina_3,3,Tina,28,1,4,8,cbu
Steve_3,3,Steve,28,1,4,10,cbu
Rik_3,3,Rik,28,0,4,8,cbu
Sneha_3,3,Sneha,28,1,4,8,cbu
Verity_3,3,Verity,28,1,4,6,cbu
Holly_3,3,Holly,28,0,4,7,cbu
Clare_3,3,Clare,28,1,4,10,cbu
Marta_3,3,Marta,28,0,4,7,cbu
Matt_3,3,Matt,28,0,4,10,cbu
Johan_3,3,Johan,29,0,1,7,cbu
Tina_3,3,Tina,29,0,1,6,cbu
Steve_3,3,Steve,29,0,1,5,cbu
Rik_3,3,Rik,29,1,1,8,cbu
Sneha_3,3,Sneha,29,1,1,9,cbu
Verity_3,3,Verity,29,0,1,9,cbu
Holly_3,3,Holly,29,0,1,6,cbu
Clare_3,3,Clare,29,0,1,2,cbu
Marta_3,3,Marta,29,0,1,9,cbu
Matt_3,3,Matt,29,0,1,8,cbu
Johan_3,3,Johan,30,0,2,10,cbu
Tina_3,3,Tina,30,0,2,10,cbu
Steve_3,3,Steve,30,0,2,10,cbu
Rik_3,3,Rik,30,1,2,10,cbu
Sneha_3,3,Sneha,30,0,2,10,cbu
Verity_3,3,Verity,30,1,2,10,cbu
Holly_3,3,Holly,30,0,2,10,cbu
Clare_3,3,Clare,30,1,2,10,cbu
Marta_3,3,Marta,30,0,2,10,cbu
Matt_3,3,Matt,30,0,2,10,cbu
Johan_3,3,Johan,31,1,2,8,cbu
Tina_3,3,Tina,31,0,2,8,cbu
Steve_3,3,Steve,31,1,2,4,cbu
Rik_3,3,Rik,31,1,2,10,cbu
Sneha_3,3,Sneha,31,1,2,9,cbu
Verity_3,3,Verity,31,1,2,6,cbu
Holly_3,3,Holly,31,0,2,3,cbu
Clare_3,3,Clare,31,0,2,7,cbu
Marta_3,3,Marta,31,1,2,7,cbu
Matt_3,3,Matt,31,0,2,10,cbu
Johan_3,3,Johan,32,0,2,7,cbu
Tina_3,3,Tina,32,0,2,5,cbu
Steve_3,3,Steve,32,1,2,9,cbu
Rik_3,3,Rik,32,0,2,9,cbu
Sneha_3,3,Sneha,32,1,2,4,cbu
Verity_3,3,Verity,32,1,2,3,cbu
Holly_3,3,Holly,32,0,2,2,cbu
Clare_3,3,Clare,32,0,2,3,cbu
Marta_3,3,Marta,32,1,2,9,cbu
Matt_3,3,Matt,32,1,2,9,cbu
Johan_3,3,Johan,33,1,2,7,cbu
Tina_3,3,Tina,33,0,2,7,cbu
Steve_3,3,Steve,33,0,2,7,cbu
Rik_3,3,Rik,33,1,2,9,cbu
Sneha_3,3,Sneha,33,0,2,5,cbu
Verity_3,3,Verity,33,0,2,1,cbu
Holly_3,3,Holly,33,0,2,3,cbu
Clare_3,3,Clare,33,0,2,8,cbu
Marta_3,3,Marta,33,0,2,7,cbu
Matt_3,3,Matt,33,0,2,7,cbu
Johan_3,3,Johan,34,0,1,7,cbu
Tina_3,3,Tina,34,0,1,9,cbu
Steve_3,3,Steve,34,0,1,5,cbu
Rik_3,3,Rik,34,1,1,10,cbu
Sneha_3,3,Sneha,34,1,1,7,cbu
Verity_3,3,Verity,34,1,1,10,cbu
Holly_3,3,Holly,34,0,1,1,cbu
Clare_3,3,Clare,34,0,1,3,cbu
Marta_3,3,Marta,34,0,1,10,cbu
Matt_3,3,Matt,34,0,1,7,cbu
Johan_3,3,Johan,35,1,1,8,cbu
Tina_3,3,Tina,35,0,1,8,cbu
Steve_3,3,Steve,35,0,1,7,cbu
Rik_3,3,Rik,35,0,1,9,cbu
Sneha_3,3,Sneha,35,0,1,6,cbu
Verity_3,3,Verity,35,1,1,9,cbu
Holly_3,3,Holly,35,0,1,8,cbu
Clare_3,3,Clare,35,1,1,5,cbu
Marta_3,3,Marta,35,0,1,8,cbu
Matt_3,3,Matt,35,0,1,9,cbu
Johan_3,3,Johan,36,1,3,8,cbu
Tina_3,3,Tina,36,0,3,5,cbu
Steve_3,3,Steve,36,1,3,8,cbu
Rik_3,3,Rik,36,0,3,8,cbu
Sneha_3,3,Sneha,36,0,3,5,cbu
Verity_3,3,Verity,36,1,3,5,cbu
Holly_3,3,Holly,36,0,3,5,cbu
Clare_3,3,Clare,36,0,3,8,cbu
Marta_3,3,Marta,36,0,3,8,cbu
Matt_3,3,Matt,36,1,3,8,cbu
Johan_3,3,Johan,37,1,4,10,cbu
Tina_3,3,Tina,37,1,4,9,cbu
Steve_3,3,Steve,37,0,4,6,cbu
Rik_3,3,Rik,37,1,4,9,cbu
Sneha_3,3,Sneha,37,0,4,8,cbu
Verity_3,3,Verity,37,0,4,7,cbu
Holly_3,3,Holly,37,0,4,7,cbu
Clare_3,3,Clare,37,1,4,10,cbu
Marta_3,3,Marta,37,1,4,9,cbu
Matt_3,3,Matt,37,0,4,10,cbu
Johan_3,3,Johan,38,1,1,7,cbu
Tina_3,3,Tina,38,1,1,5,cbu
Steve_3,3,Steve,38,1,1,5,cbu
Rik_3,3,Rik,38,1,1,8,cbu
Sneha_3,3,Sneha,38,0,1,7,cbu
Verity_3,3,Verity,38,0,1,4,cbu
Holly_3,3,Holly,38,0,1,3,cbu
Clare_3,3,Clare,38,1,1,8,cbu
Marta_3,3,Marta,38,0,1,3,cbu
Matt_3,3,Matt,38,0,1,8,cbu
Johan_3,3,Johan,39,0,4,4,cbu
Tina_3,3,Tina,39,0,4,1,cbu
Steve_3,3,Steve,39,1,4,3,cbu
Rik_3,3,Rik,39,1,4,5,cbu
Sneha_3,3,Sneha,39,1,4,0,cbu
Verity_3,3,Verity,39,1,4,2,cbu
Holly_3,3,Holly,39,0,4,0,cbu
Clare_3,3,Clare,39,0,4,0,cbu
Marta_3,3,Marta,39,0,4,4,cbu
Matt_3,3,Matt,39,0,4,3,cbu
Johan_3,3,Johan,40,1,1,4,cbu
Tina_3,3,Tina,40,0,1,0,cbu
Steve_3,3,Steve,40,1,1,0,cbu
Rik_3,3,Rik,40,1,1,8,cbu
Sneha_3,3,Sneha,40,0,1,2,cbu
Verity_3,3,Verity,40,0,1,1,cbu
Holly_3,3,Holly,40,0,1,0,cbu
Clare_3,3,Clare,40,1,1,4,cbu
Marta_3,3,Marta,40,1,1,6,cbu
Matt_3,3,Matt,40,0,1,6,cbu
Johan_3,3,Johan,41,1,4,9,cbu
Tina_3,3,Tina,41,1,4,10,cbu
Steve_3,3,Steve,41,0,4,6,cbu
Rik_3,3,Rik,41,1,4,10,cbu
Sneha_3,3,Sneha,41,1,4,3,cbu
Verity_3,3,Verity,41,1,4,3,cbu
Holly_3,3,Holly,41,0,4,6,cbu
Clare_3,3,Clare,41,1,4,10,cbu
Marta_3,3,Marta,41,1,4,8,cbu
Matt_3,3,Matt,41,0,4,10,cbu
Johan_3,3,Johan,42,1,3,10,cbu
Tina_3,3,Tina,42,0,3,10,cbu
Steve_3,3,Steve,42,0,3,9,cbu
Rik_3,3,Rik,42,1,3,10,cbu
Sneha_3,3,Sneha,42,0,3,8,cbu
Verity_3,3,Verity,42,0,3,6,cbu
Holly_3,3,Holly,42,0,3,5,cbu
Clare_3,3,Clare,42,0,3,7,cbu
Marta_3,3,Marta,42,0,3,10,cbu
Matt_3,3,Matt,42,1,3,10,cbu
Johan_3,3,Johan,43,0,3,7,cbu
Tina_3,3,Tina,43,1,3,10,cbu
Steve_3,3,Steve,43,0,3,8,cbu
Rik_3,3,Rik,43,1,3,7,cbu
Sneha_3,3,Sneha,43,1,3,3,cbu
Verity_3,3,Verity,43,1,3,2,cbu
Holly_3,3,Holly,43,1,3,1,cbu
Clare_3,3,Clare,43,0,3,2,cbu
Marta_3,3,Marta,43,1,3,5,cbu
Matt_3,3,Matt,43,0,3,6,cbu
Johan_3,3,Johan,44,0,3,6,cbu
Tina_3,3,Tina,44,1,3,6,cbu
Steve_3,3,Steve,44,1,3,5,cbu
Rik_3,3,Rik,44,0,3,6,cbu
Sneha_3,3,Sneha,44,0,3,4,cbu
Verity_3,3,Verity,44,1,3,3,cbu
Holly_3,3,Holly,44,0,3,6,cbu
Clare_3,3,Clare,44,1,3,7,cbu
Marta_3,3,Marta,44,0,3,7,cbu
Matt_3,3,Matt,44,1,3,7,cbu
Johan_3,3,Johan,45,1,2,7,cbu
Tina_3,3,Tina,45,1,2,5,cbu
Steve_3,3,Steve,45,1,2,4,cbu
Rik_3,3,Rik,45,0,2,10,cbu
Sneha_3,3,Sneha,45,0,2,7,cbu
Verity_3,3,Verity,45,0,2,8,cbu
Holly_3,3,Holly,45,0,2,2,cbu
Clare_3,3,Clare,45,0,2,1,cbu
Marta_3,3,Marta,45,0,2,4,cbu
Matt_3,3,Matt,45,0,2,6,cbu
Johan_3,3,Johan,46,1,3,10,cbu
Tina_3,3,Tina,46,1,3,6,cbu
Steve_3,3,Steve,46,1,3,7,cbu
Rik_3,3,Rik,46,1,3,10,cbu
Sneha_3,3,Sneha,46,0,3,7,cbu
Verity_3,3,Verity,46,0,3,9,cbu
Holly_3,3,Holly,46,0,3,1,cbu
Clare_3,3,Clare,46,1,3,4,cbu
Marta_3,3,Marta,46,1,3,8,cbu
Matt_3,3,Matt,46,1,3,10,cbu
Johan_3,3,Johan,47,1,4,8,cbu
Tina_3,3,Tina,47,1,4,9,cbu
Steve_3,3,Steve,47,1,4,9,cbu
Rik_3,3,Rik,47,1,4,9,cbu
Sneha_3,3,Sneha,47,0,4,9,cbu
Verity_3,3,Verity,47,1,4,9,cbu
Holly_3,3,Holly,47,0,4,5,cbu
Clare_3,3,Clare,47,0,4,6,cbu
Marta_3,3,Marta,47,1,4,9,cbu
Matt_3,3,Matt,47,1,4,9,cbu
Johan_3,3,Johan,48,1,3,9,cbu
Tina_3,3,Tina,48,0,3,8,cbu
Steve_3,3,Steve,48,0,3,7,cbu
Rik_3,3,Rik,48,1,3,9,cbu
Sneha_3,3,Sneha,48,1,3,9,cbu
Verity_3,3,Verity,48,1,3,6,cbu
Holly_3,3,Holly,48,0,3,9,cbu
Clare_3,3,Clare,48,1,3,10,cbu
Marta_3,3,Marta,48,1,3,8,cbu
Matt_3,3,Matt,48,0,3,10,cbu
Johan_3,3,Johan,49,1,2,9,cbu
Tina_3,3,Tina,49,0,2,5,cbu
Steve_3,3,Steve,49,0,2,7,cbu
Rik_3,3,Rik,49,1,2,5,cbu
Sneha_3,3,Sneha,49,1,2,6,cbu
Verity_3,3,Verity,49,0,2,6,cbu
Holly_3,3,Holly,49,0,2,0,cbu
Clare_3,3,Clare,49,1,2,4,cbu
Marta_3,3,Marta,49,1,2,9,cbu
Matt_3,3,Matt,49,0,2,6,cbu
Johan_3,3,Johan,50,0,4,6,cbu
Tina_3,3,Tina,50,1,4,7,cbu
Steve_3,3,Steve,50,1,4,5,cbu
Rik_3,3,Rik,50,1,4,7,cbu
Sneha_3,3,Sneha,50,1,4,6,cbu
Verity_3,3,Verity,50,1,4,6,cbu
Holly_3,3,Holly,50,0,4,0,cbu
Clare_3,3,Clare,50,1,4,5,cbu
Marta_3,3,Marta,50,1,4,4,cbu
Matt_3,3,Matt,50,0,4,6,cbu
Johan_0,1,Johan,51,1,1,1,ctb
Tina_0,1,Tina,51,0,1,1,ctb
Steve_0,1,Steve,51,0,1,1,ctb
Rik_0,1,Rik,51,1,1,1,ctb
Sneha_0,1,Sneha,51,0,1,1,ctb
Verity_0,1,Verity,51,0,1,1,ctb
Holly_0,1,Holly,51,0,1,1,ctb
Clare_0,1,Clare,51,1,1,1,ctb
Marta_0,1,Marta,51,1,1,1,ctb
Matt_0,1,Matt,51,0,1,1,ctb
Johan_0,1,Johan,52,1,1,1,ctb
Tina_0,1,Tina,52,0,1,1,ctb
Steve_0,1,Steve,52,0,1,1,ctb
Rik_0,1,Rik,52,1,1,1,ctb
Sneha_0,1,Sneha,52,0,1,1,ctb
Verity_0,1,Verity,52,0,1,1,ctb
Holly_0,1,Holly,52,0,1,1,ctb
Clare_0,1,Clare,52,0,1,1,ctb
Marta_0,1,Marta,52,0,1,1,ctb
Matt_0,1,Matt,52,0,1,1,ctb
Johan_0,1,Johan,53,0,1,1,ctb
Tina_0,1,Tina,53,1,1,1,ctb
Steve_0,1,Steve,53,0,1,1,ctb
Rik_0,1,Rik,53,1,1,1,ctb
Sneha_0,1,Sneha,53,1,1,1,ctb
Verity_0,1,Verity,53,1,1,1,ctb
Holly_0,1,Holly,53,0,1,1,ctb
Clare_0,1,Clare,53,0,1,1,ctb
Marta_0,1,Marta,53,1,1,1,ctb
Matt_0,1,Matt,53,0,1,1,ctb
Johan_0,1,Johan,54,0,1,1,ctb
Tina_0,1,Tina,54,0,1,1,ctb
Steve_0,1,Steve,54,0,1,1,ctb
Rik_0,1,Rik,54,0,1,1,ctb
Sneha_0,1,Sneha,54,0,1,1,ctb
Verity_0,1,Verity,54,0,1,1,ctb
Holly_0,1,Holly,54,0,1,1,ctb
Clare_0,1,Clare,54,0,1,1,ctb
Marta_0,1,Marta,54,0,1,1,ctb
Matt_0,1,Matt,54,0,1,1,ctb
Johan_0,1,Johan,55,0,1,1,ctb
Tina_0,1,Tina,55,0,1,1,ctb
Steve_0,1,Steve,55,1,1,1,ctb
Rik_0,1,Rik,55,1,1,1,ctb
Sneha_0,1,Sneha,55,1,1,1,ctb
Verity_0,1,Verity,55,0,1,1,ctb
Holly_0,1,Holly,55,0,1,1,ctb
Clare_0,1,Clare,55,1,1,1,ctb
Marta_0,1,Marta,55,0,1,1,ctb
Matt_0,1,Matt,55,0,1,1,ctb
Johan_0,1,Johan,56,1,1,1,ctb
Tina_0,1,Tina,56,0,1,1,ctb
Steve_0,1,Steve,56,1,1,1,ctb
Rik_0,1,Rik,56,1,1,1,ctb
Sneha_0,1,Sneha,56,1,1,1,ctb
Verity_0,1,Verity,56,1,1,1,ctb
Holly_0,1,Holly,56,1,1,1,ctb
Clare_0,1,Clare,56,0,1,1,ctb
Marta_0,1,Marta,56,0,1,1,ctb
Matt_0,1,Matt,56,1,1,1,ctb
Johan_0,1,Johan,57,0,1,1,ctb
Tina_0,1,Tina,57,0,1,1,ctb
Steve_0,1,Steve,57,1,1,1,ctb
Rik_0,1,Rik,57,0,1,1,ctb
Sneha_0,1,Sneha,57,0,1,1,ctb
Verity_0,1,Verity,57,0,1,1,ctb
Holly_0,1,Holly,57,0,1,1,ctb
Clare_0,1,Clare,57,0,1,1,ctb
Marta_0,1,Marta,57,0,1,1,ctb
Matt_0,1,Matt,57,0,1,1,ctb
Johan_0,1,Johan,58,0,1,1,ctb
Tina_0,1,Tina,58,0,1,1,ctb
Steve_0,1,Steve,58,1,1,1,ctb
Rik_0,1,Rik,58,0,1,1,ctb
Sneha_0,1,Sneha,58,0,1,1,ctb
Verity_0,1,Verity,58,0,1,1,ctb
Holly_0,1,Holly,58,0,1,1,ctb
Clare_0,1,Clare,58,0,1,1,ctb
Marta_0,1,Marta,58,0,1,1,ctb
Matt_0,1,Matt,58,0,1,1,ctb
Johan_0,1,Johan,59,1,1,1,ctb
Tina_0,1,Tina,59,0,1,1,ctb
Steve_0,1,Steve,59,0,1,1,ctb
Rik_0,1,Rik,59,1,1,1,ctb
Sneha_0,1,Sneha,59,0,1,1,ctb
Verity_0,1,Verity,59,0,1,1,ctb
Holly_0,1,Holly,59,0,1,1,ctb
Clare_0,1,Clare,59,0,1,1,ctb
Marta_0,1,Marta,59,0,1,1,ctb
Matt_0,1,Matt,59,0,1,1,ctb
Johan_0,1,Johan,60,1,1,1,ctb
Tina_0,1,Tina,60,0,1,1,ctb
Steve_0,1,Steve,60,0,1,1,ctb
Rik_0,1,Rik,60,1,1,1,ctb
Sneha_0,1,Sneha,60,0,1,1,ctb
Verity_0,1,Verity,60,0,1,1,ctb
Holly_0,1,Holly,60,1,1,1,ctb
Clare_0,1,Clare,60,0,1,1,ctb
Marta_0,1,Marta,60,0,1,1,ctb
Matt_0,1,Matt,60,0,1,1,ctb
Johan_0,1,Johan,61,0,1,1,ctb
Tina_0,1,Tina,61,0,1,1,ctb
Steve_0,1,Steve,61,0,1,1,ctb
Rik_0,1,Rik,61,0,1,1,ctb
Sneha_0,1,Sneha,61,1,1,1,ctb
Verity_0,1,Verity,61,0,1,1,ctb
Holly_0,1,Holly,61,0,1,1,ctb
Clare_0,1,Clare,61,0,1,1,ctb
Marta_0,1,Marta,61,0,1,1,ctb
Matt_0,1,Matt,61,1,1,1,ctb
Johan_0,1,Johan,62,0,1,1,ctb
Tina_0,1,Tina,62,0,1,1,ctb
Steve_0,1,Steve,62,0,1,1,ctb
Rik_0,1,Rik,62,1,1,1,ctb
Sneha_0,1,Sneha,62,1,1,1,ctb
Verity_0,1,Verity,62,0,1,1,ctb
Holly_0,1,Holly,62,0,1,1,ctb
Clare_0,1,Clare,62,1,1,1,ctb
Marta_0,1,Marta,62,0,1,1,ctb
Matt_0,1,Matt,62,0,1,1,ctb
Johan_0,1,Johan,63,0,1,1,ctb
Tina_0,1,Tina,63,0,1,1,ctb
Steve_0,1,Steve,63,0,1,1,ctb
Rik_0,1,Rik,63,1,1,1,ctb
Sneha_0,1,Sneha,63,0,1,1,ctb
Verity_0,1,Verity,63,0,1,1,ctb
Holly_0,1,Holly,63,0,1,1,ctb
Clare_0,1,Clare,63,0,1,1,ctb
Marta_0,1,Marta,63,1,1,1,ctb
Matt_0,1,Matt,63,1,1,1,ctb
Johan_0,1,Johan,64,0,1,1,ctb
Tina_0,1,Tina,64,0,1,1,ctb
Steve_0,1,Steve,64,1,1,1,ctb
Rik_0,1,Rik,64,0,1,1,ctb
Sneha_0,1,Sneha,64,1,1,1,ctb
Verity_0,1,Verity,64,0,1,1,ctb
Holly_0,1,Holly,64,0,1,1,ctb
Clare_0,1,Clare,64,1,1,1,ctb
Marta_0,1,Marta,64,0,1,1,ctb
Matt_0,1,Matt,64,0,1,1,ctb
Johan_0,1,Johan,65,0,1,1,ctb
Tina_0,1,Tina,65,0,1,1,ctb
Steve_0,1,Steve,65,1,1,1,ctb
Rik_0,1,Rik,65,0,1,1,ctb
Sneha_0,1,Sneha,65,0,1,1,ctb
Verity_0,1,Verity,65,0,1,1,ctb
Holly_0,1,Holly,65,0,1,1,ctb
Clare_0,1,Clare,65,0,1,1,ctb
Marta_0,1,Marta,65,0,1,1,ctb
Matt_0,1,Matt,65,0,1,1,ctb
Johan_0,1,Johan,66,1,3,1,ctb
Tina_0,1,Tina,66,1,3,1,ctb
Steve_0,1,Steve,66,1,3,1,ctb
Rik_0,1,Rik,66,1,3,1,ctb
Sneha_0,1,Sneha,66,1,3,1,ctb
Verity_0,1,Verity,66,1,3,1,ctb
Holly_0,1,Holly,66,0,3,1,ctb
Clare_0,1,Clare,66,1,3,1,ctb
Marta_0,1,Marta,66,0,3,1,ctb
Matt_0,1,Matt,66,0,3,1,ctb
Johan_0,1,Johan,67,1,3,1,ctb
Tina_0,1,Tina,67,0,3,1,ctb
Steve_0,1,Steve,67,0,3,1,ctb
Rik_0,1,Rik,67,1,3,1,ctb
Sneha_0,1,Sneha,67,1,3,1,ctb
Verity_0,1,Verity,67,0,3,1,ctb
Holly_0,1,Holly,67,1,3,1,ctb
Clare_0,1,Clare,67,1,3,1,ctb
Marta_0,1,Marta,67,1,3,1,ctb
Matt_0,1,Matt,67,0,3,1,ctb
Johan_0,1,Johan,68,1,2,1,ctb
Tina_0,1,Tina,68,1,2,1,ctb
Steve_0,1,Steve,68,1,2,1,ctb
Rik_0,1,Rik,68,0,2,1,ctb
Sneha_0,1,Sneha,68,1,2,1,ctb
Verity_0,1,Verity,68,0,2,1,ctb
Holly_0,1,Holly,68,0,2,1,ctb
Clare_0,1,Clare,68,0,2,1,ctb
Marta_0,1,Marta,68,0,2,1,ctb
Matt_0,1,Matt,68,1,2,1,ctb
Johan_0,1,Johan,69,0,3,1,ctb
Tina_0,1,Tina,69,0,3,1,ctb
Steve_0,1,Steve,69,0,3,1,ctb
Rik_0,1,Rik,69,0,3,1,ctb
Sneha_0,1,Sneha,69,0,3,1,ctb
Verity_0,1,Verity,69,0,3,1,ctb
Holly_0,1,Holly,69,0,3,1,ctb
Clare_0,1,Clare,69,1,3,1,ctb
Marta_0,1,Marta,69,1,3,1,ctb
Matt_0,1,Matt,69,0,3,1,ctb
Johan_0,1,Johan,70,0,2,1,ctb
Tina_0,1,Tina,70,1,2,1,ctb
Steve_0,1,Steve,70,1,2,1,ctb
Rik_0,1,Rik,70,1,2,1,ctb
Sneha_0,1,Sneha,70,0,2,1,ctb
Verity_0,1,Verity,70,1,2,1,ctb
Holly_0,1,Holly,70,0,2,1,ctb
Clare_0,1,Clare,70,0,2,1,ctb
Marta_0,1,Marta,70,0,2,1,ctb
Matt_0,1,Matt,70,1,2,1,ctb
Johan_0,1,Johan,71,0,2,1,ctb
Tina_0,1,Tina,71,0,2,1,ctb
Steve_0,1,Steve,71,1,2,1,ctb
Rik_0,1,Rik,71,1,2,1,ctb
Sneha_0,1,Sneha,71,1,2,1,ctb
Verity_0,1,Verity,71,1,2,1,ctb
Holly_0,1,Holly,71,0,2,1,ctb
Clare_0,1,Clare,71,1,2,1,ctb
Marta_0,1,Marta,71,1,2,1,ctb
Matt_0,1,Matt,71,0,2,1,ctb
Johan_0,1,Johan,72,1,2,1,ctb
Tina_0,1,Tina,72,1,2,1,ctb
Steve_0,1,Steve,72,0,2,1,ctb
Rik_0,1,Rik,72,1,2,1,ctb
Sneha_0,1,Sneha,72,1,2,1,ctb
Verity_0,1,Verity,72,1,2,1,ctb
Holly_0,1,Holly,72,0,2,1,ctb
Clare_0,1,Clare,72,1,2,1,ctb
Marta_0,1,Marta,72,1,2,1,ctb
Matt_0,1,Matt,72,0,2,1,ctb
Johan_0,1,Johan,73,1,2,1,ctb
Tina_0,1,Tina,73,0,2,1,ctb
Steve_0,1,Steve,73,0,2,1,ctb
Rik_0,1,Rik,73,0,2,1,ctb
Sneha_0,1,Sneha,73,0,2,1,ctb
Verity_0,1,Verity,73,0,2,1,ctb
Holly_0,1,Holly,73,0,2,1,ctb
Clare_0,1,Clare,73,1,2,1,ctb
Marta_0,1,Marta,73,1,2,1,ctb
Matt_0,1,Matt,73,0,2,1,ctb
Johan_0,1,Johan,74,1,2,1,ctb
Tina_0,1,Tina,74,0,2,1,ctb
Steve_0,1,Steve,74,0,2,1,ctb
Rik_0,1,Rik,74,0,2,1,ctb
Sneha_0,1,Sneha,74,0,2,1,ctb
Verity_0,1,Verity,74,0,2,1,ctb
Holly_0,1,Holly,74,0,2,1,ctb
Clare_0,1,Clare,74,0,2,1,ctb
Marta_0,1,Marta,74,0,2,1,ctb
Matt_0,1,Matt,74,0,2,1,ctb
Johan_0,1,Johan,75,0,2,1,ctb
Tina_0,1,Tina,75,0,2,1,ctb
Steve_0,1,Steve,75,0,2,1,ctb
Rik_0,1,Rik,75,0,2,1,ctb
Sneha_0,1,Sneha,75,1,2,1,ctb
Verity_0,1,Verity,75,0,2,1,ctb
Holly_0,1,Holly,75,1,2,1,ctb
Clare_0,1,Clare,75,1,2,1,ctb
Marta_0,1,Marta,75,1,2,1,ctb
Matt_0,1,Matt,75,0,2,1,ctb
Johan_0,1,Johan,76,1,2,1,ctb
Tina_0,1,Tina,76,0,2,1,ctb
Steve_0,1,Steve,76,1,2,1,ctb
Rik_0,1,Rik,76,0,2,1,ctb
Sneha_0,1,Sneha,76,0,2,1,ctb
Verity_0,1,Verity,76,0,2,1,ctb
Holly_0,1,Holly,76,0,2,1,ctb
Clare_0,1,Clare,76,0,2,1,ctb
Marta_0,1,Marta,76,0,2,1,ctb
Matt_0,1,Matt,76,0,2,1,ctb
Johan_0,1,Johan,77,1,2,1,ctb
Tina_0,1,Tina,77,0,2,1,ctb
Steve_0,1,Steve,77,0,2,1,ctb
Rik_0,1,Rik,77,1,2,1,ctb
Sneha_0,1,Sneha,77,0,2,1,ctb
Verity_0,1,Verity,77,0,2,1,ctb
Holly_0,1,Holly,77,0,2,1,ctb
Clare_0,1,Clare,77,0,2,1,ctb
Marta_0,1,Marta,77,0,2,1,ctb
Matt_0,1,Matt,77,1,2,1,ctb
Johan_0,1,Johan,78,0,2,1,ctb
Tina_0,1,Tina,78,1,2,1,ctb
Steve_0,1,Steve,78,0,2,1,ctb
Rik_0,1,Rik,78,0,2,1,ctb
Sneha_0,1,Sneha,78,0,2,1,ctb
Verity_0,1,Verity,78,0,2,1,ctb
Holly_0,1,Holly,78,0,2,1,ctb
Clare_0,1,Clare,78,0,2,1,ctb
Marta_0,1,Marta,78,0,2,1,ctb
Matt_0,1,Matt,78,0,2,1,ctb
Johan_0,1,Johan,79,0,3,1,ctb
Tina_0,1,Tina,79,0,3,1,ctb
Steve_0,1,Steve,79,0,3,1,ctb
Rik_0,1,Rik,79,0,3,1,ctb
Sneha_0,1,Sneha,79,1,3,1,ctb
Verity_0,1,Verity,79,0,3,1,ctb
Holly_0,1,Holly,79,0,3,1,ctb
Clare_0,1,Clare,79,1,3,1,ctb
Marta_0,1,Marta,79,1,3,1,ctb
Matt_0,1,Matt,79,0,3,1,ctb
Johan_0,1,Johan,80,1,3,1,ctb
Tina_0,1,Tina,80,0,3,1,ctb
Steve_0,1,Steve,80,1,3,1,ctb
Rik_0,1,Rik,80,1,3,1,ctb
Sneha_0,1,Sneha,80,1,3,1,ctb
Verity_0,1,Verity,80,1,3,1,ctb
Holly_0,1,Holly,80,0,3,1,ctb
Clare_0,1,Clare,80,0,3,1,ctb
Marta_0,1,Marta,80,0,3,1,ctb
Matt_0,1,Matt,80,0,3,1,ctb
Johan_0,1,Johan,81,1,2,1,ctb
Tina_0,1,Tina,81,1,2,1,ctb
Steve_0,1,Steve,81,0,2,1,ctb
Rik_0,1,Rik,81,0,2,1,ctb
Sneha_0,1,Sneha,81,0,2,1,ctb
Verity_0,1,Verity,81,1,2,1,ctb
Holly_0,1,Holly,81,0,2,1,ctb
Clare_0,1,Clare,81,1,2,1,ctb
Marta_0,1,Marta,81,0,2,1,ctb
Matt_0,1,Matt,81,0,2,1,ctb
Johan_0,1,Johan,82,0,3,1,ctb
Tina_0,1,Tina,82,1,3,1,ctb
Steve_0,1,Steve,82,0,3,1,ctb
Rik_0,1,Rik,82,0,3,1,ctb
Sneha_0,1,Sneha,82,1,3,1,ctb
Verity_0,1,Verity,82,0,3,1,ctb
Holly_0,1,Holly,82,0,3,1,ctb
Clare_0,1,Clare,82,0,3,1,ctb
Marta_0,1,Marta,82,0,3,1,ctb
Matt_0,1,Matt,82,0,3,1,ctb
Johan_0,1,Johan,83,1,2,1,ctb
Tina_0,1,Tina,83,1,2,1,ctb
Steve_0,1,Steve,83,0,2,1,ctb
Rik_0,1,Rik,83,1,2,1,ctb
Sneha_0,1,Sneha,83,1,2,1,ctb
Verity_0,1,Verity,83,0,2,1,ctb
Holly_0,1,Holly,83,0,2,1,ctb
Clare_0,1,Clare,83,0,2,1,ctb
Marta_0,1,Marta,83,1,2,1,ctb
Matt_0,1,Matt,83,0,2,1,ctb
Johan_0,1,Johan,84,1,2,1,ctb
Tina_0,1,Tina,84,1,2,1,ctb
Steve_0,1,Steve,84,1,2,1,ctb
Rik_0,1,Rik,84,1,2,1,ctb
Sneha_0,1,Sneha,84,1,2,1,ctb
Verity_0,1,Verity,84,1,2,1,ctb
Holly_0,1,Holly,84,0,2,1,ctb
Clare_0,1,Clare,84,0,2,1,ctb
Marta_0,1,Marta,84,1,2,1,ctb
Matt_0,1,Matt,84,0,2,1,ctb
Johan_0,1,Johan,85,0,3,1,ctb
Tina_0,1,Tina,85,0,3,1,ctb
Steve_0,1,Steve,85,0,3,1,ctb
Rik_0,1,Rik,85,0,3,1,ctb
Sneha_0,1,Sneha,85,0,3,1,ctb
Verity_0,1,Verity,85,0,3,1,ctb
Holly_0,1,Holly,85,0,3,1,ctb
Clare_0,1,Clare,85,0,3,1,ctb
Marta_0,1,Marta,85,0,3,1,ctb
Matt_0,1,Matt,85,1,3,1,ctb
Johan_0,1,Johan,86,1,3,1,ctb
Tina_0,1,Tina,86,0,3,1,ctb
Steve_0,1,Steve,86,0,3,1,ctb
Rik_0,1,Rik,86,1,3,1,ctb
Sneha_0,1,Sneha,86,1,3,1,ctb
Verity_0,1,Verity,86,1,3,1,ctb
Holly_0,1,Holly,86,0,3,1,ctb
Clare_0,1,Clare,86,1,3,1,ctb
Marta_0,1,Marta,86,1,3,1,ctb
Matt_0,1,Matt,86,0,3,1,ctb
Johan_0,1,Johan,87,0,2,1,ctb
Tina_0,1,Tina,87,1,2,1,ctb
Steve_0,1,Steve,87,1,2,1,ctb
Rik_0,1,Rik,87,1,2,1,ctb
Sneha_0,1,Sneha,87,1,2,1,ctb
Verity_0,1,Verity,87,0,2,1,ctb
Holly_0,1,Holly,87,0,2,1,ctb
Clare_0,1,Clare,87,0,2,1,ctb
Marta_0,1,Marta,87,1,2,1,ctb
Matt_0,1,Matt,87,0,2,1,ctb
Johan_0,1,Johan,88,1,3,1,ctb
Tina_0,1,Tina,88,1,3,1,ctb
Steve_0,1,Steve,88,0,3,1,ctb
Rik_0,1,Rik,88,1,3,1,ctb
Sneha_0,1,Sneha,88,0,3,1,ctb
Verity_0,1,Verity,88,1,3,1,ctb
Holly_0,1,Holly,88,0,3,1,ctb
Clare_0,1,Clare,88,1,3,1,ctb
Marta_0,1,Marta,88,0,3,1,ctb
Matt_0,1,Matt,88,0,3,1,ctb
Johan_0,1,Johan,89,0,2,1,ctb
Tina_0,1,Tina,89,0,2,1,ctb
Steve_0,1,Steve,89,1,2,1,ctb
Rik_0,1,Rik,89,0,2,1,ctb
Sneha_0,1,Sneha,89,1,2,1,ctb
Verity_0,1,Verity,89,0,2,1,ctb
Holly_0,1,Holly,89,0,2,1,ctb
Clare_0,1,Clare,89,1,2,1,ctb
Marta_0,1,Marta,89,1,2,1,ctb
Matt_0,1,Matt,89,0,2,1,ctb
Johan_0,1,Johan,90,0,3,1,ctb
Tina_0,1,Tina,90,0,3,1,ctb
Steve_0,1,Steve,90,1,3,1,ctb
Rik_0,1,Rik,90,1,3,1,ctb
Sneha_0,1,Sneha,90,1,3,1,ctb
Verity_0,1,Verity,90,0,3,1,ctb
Holly_0,1,Holly,90,1,3,1,ctb
Clare_0,1,Clare,90,0,3,1,ctb
Marta_0,1,Marta,90,0,3,1,ctb
Matt_0,1,Matt,90,1,3,1,ctb
Johan_0,1,Johan,91,1,2,1,ctb
Tina_0,1,Tina,91,0,2,1,ctb
Steve_0,1,Steve,91,1,2,1,ctb
Rik_0,1,Rik,91,0,2,1,ctb
Sneha_0,1,Sneha,91,1,2,1,ctb
Verity_0,1,Verity,91,1,2,1,ctb
Holly_0,1,Holly,91,1,2,1,ctb
Clare_0,1,Clare,91,0,2,1,ctb
Marta_0,1,Marta,91,0,2,1,ctb
Matt_0,1,Matt,91,0,2,1,ctb
Johan_2,2,Johan,51,0,2,1,ctb
Tina_2,2,Tina,51,0,2,1,ctb
Steve_2,2,Steve,51,0,2,1,ctb
Rik_2,2,Rik,51,1,2,1,ctb
Sneha_2,2,Sneha,51,0,2,1,ctb
Verity_2,2,Verity,51,0,2,1,ctb
Holly_2,2,Holly,51,1,2,1,ctb
Clare_2,2,Clare,51,0,2,1,ctb
Marta_2,2,Marta,51,1,2,1,ctb
Matt_2,2,Matt,51,0,2,1,ctb
Johan_2,2,Johan,52,0,3,1,ctb
Tina_2,2,Tina,52,0,3,1,ctb
Steve_2,2,Steve,52,0,3,1,ctb
Rik_2,2,Rik,52,0,3,1,ctb
Sneha_2,2,Sneha,52,0,3,1,ctb
Verity_2,2,Verity,52,0,3,1,ctb
Holly_2,2,Holly,52,0,3,1,ctb
Clare_2,2,Clare,52,0,3,1,ctb
Marta_2,2,Marta,52,0,3,1,ctb
Matt_2,2,Matt,52,0,3,1,ctb
Johan_2,2,Johan,53,0,2,1,ctb
Tina_2,2,Tina,53,1,2,1,ctb
Steve_2,2,Steve,53,0,2,1,ctb
Rik_2,2,Rik,53,1,2,1,ctb
Sneha_2,2,Sneha,53,0,2,1,ctb
Verity_2,2,Verity,53,0,2,1,ctb
Holly_2,2,Holly,53,0,2,1,ctb
Clare_2,2,Clare,53,0,2,1,ctb
Marta_2,2,Marta,53,0,2,1,ctb
Matt_2,2,Matt,53,0,2,1,ctb
Johan_2,2,Johan,54,0,2,1,ctb
Tina_2,2,Tina,54,0,2,1,ctb
Steve_2,2,Steve,54,0,2,1,ctb
Rik_2,2,Rik,54,0,2,1,ctb
Sneha_2,2,Sneha,54,0,2,1,ctb
Verity_2,2,Verity,54,0,2,1,ctb
Holly_2,2,Holly,54,0,2,1,ctb
Clare_2,2,Clare,54,0,2,1,ctb
Marta_2,2,Marta,54,0,2,1,ctb
Matt_2,2,Matt,54,0,2,1,ctb
Johan_2,2,Johan,55,0,3,1,ctb
Tina_2,2,Tina,55,0,3,1,ctb
Steve_2,2,Steve,55,1,3,1,ctb
Rik_2,2,Rik,55,0,3,1,ctb
Sneha_2,2,Sneha,55,0,3,1,ctb
Verity_2,2,Verity,55,0,3,1,ctb
Holly_2,2,Holly,55,0,3,1,ctb
Clare_2,2,Clare,55,0,3,1,ctb
Marta_2,2,Marta,55,1,3,1,ctb
Matt_2,2,Matt,55,0,3,1,ctb
Johan_2,2,Johan,56,1,2,1,ctb
Tina_2,2,Tina,56,1,2,1,ctb
Steve_2,2,Steve,56,1,2,1,ctb
Rik_2,2,Rik,56,1,2,1,ctb
Sneha_2,2,Sneha,56,1,2,1,ctb
Verity_2,2,Verity,56,0,2,1,ctb
Holly_2,2,Holly,56,0,2,1,ctb
Clare_2,2,Clare,56,0,2,1,ctb
Marta_2,2,Marta,56,1,2,1,ctb
Matt_2,2,Matt,56,0,2,1,ctb
Johan_2,2,Johan,57,1,3,1,ctb
Tina_2,2,Tina,57,0,3,1,ctb
Steve_2,2,Steve,57,0,3,1,ctb
Rik_2,2,Rik,57,1,3,1,ctb
Sneha_2,2,Sneha,57,0,3,1,ctb
Verity_2,2,Verity,57,0,3,1,ctb
Holly_2,2,Holly,57,0,3,1,ctb
Clare_2,2,Clare,57,0,3,1,ctb
Marta_2,2,Marta,57,0,3,1,ctb
Matt_2,2,Matt,57,1,3,1,ctb
Johan_2,2,Johan,58,0,3,1,ctb
Tina_2,2,Tina,58,0,3,1,ctb
Steve_2,2,Steve,58,0,3,1,ctb
Rik_2,2,Rik,58,0,3,1,ctb
Sneha_2,2,Sneha,58,0,3,1,ctb
Verity_2,2,Verity,58,0,3,1,ctb
Holly_2,2,Holly,58,0,3,1,ctb
Clare_2,2,Clare,58,0,3,1,ctb
Marta_2,2,Marta,58,1,3,1,ctb
Matt_2,2,Matt,58,1,3,1,ctb
Johan_2,2,Johan,59,0,2,1,ctb
Tina_2,2,Tina,59,0,2,1,ctb
Steve_2,2,Steve,59,0,2,1,ctb
Rik_2,2,Rik,59,0,2,1,ctb
Sneha_2,2,Sneha,59,0,2,1,ctb
Verity_2,2,Verity,59,0,2,1,ctb
Holly_2,2,Holly,59,1,2,1,ctb
Clare_2,2,Clare,59,0,2,1,ctb
Marta_2,2,Marta,59,0,2,1,ctb
Matt_2,2,Matt,59,0,2,1,ctb
Johan_2,2,Johan,60,0,2,1,ctb
Tina_2,2,Tina,60,1,2,1,ctb
Steve_2,2,Steve,60,0,2,1,ctb
Rik_2,2,Rik,60,0,2,1,ctb
Sneha_2,2,Sneha,60,0,2,1,ctb
Verity_2,2,Verity,60,0,2,1,ctb
Holly_2,2,Holly,60,0,2,1,ctb
Clare_2,2,Clare,60,0,2,1,ctb
Marta_2,2,Marta,60,0,2,1,ctb
Matt_2,2,Matt,60,0,2,1,ctb
Johan_2,2,Johan,61,0,2,1,ctb
Tina_2,2,Tina,61,0,2,1,ctb
Steve_2,2,Steve,61,0,2,1,ctb
Rik_2,2,Rik,61,0,2,1,ctb
Sneha_2,2,Sneha,61,0,2,1,ctb
Verity_2,2,Verity,61,0,2,1,ctb
Holly_2,2,Holly,61,0,2,1,ctb
Clare_2,2,Clare,61,0,2,1,ctb
Marta_2,2,Marta,61,0,2,1,ctb
Matt_2,2,Matt,61,0,2,1,ctb
Johan_2,2,Johan,62,0,3,1,ctb
Tina_2,2,Tina,62,0,3,1,ctb
Steve_2,2,Steve,62,0,3,1,ctb
Rik_2,2,Rik,62,1,3,1,ctb
Sneha_2,2,Sneha,62,1,3,1,ctb
Verity_2,2,Verity,62,0,3,1,ctb
Holly_2,2,Holly,62,0,3,1,ctb
Clare_2,2,Clare,62,0,3,1,ctb
Marta_2,2,Marta,62,0,3,1,ctb
Matt_2,2,Matt,62,0,3,1,ctb
Johan_2,2,Johan,63,1,2,1,ctb
Tina_2,2,Tina,63,0,2,1,ctb
Steve_2,2,Steve,63,0,2,1,ctb
Rik_2,2,Rik,63,0,2,1,ctb
Sneha_2,2,Sneha,63,0,2,1,ctb
Verity_2,2,Verity,63,0,2,1,ctb
Holly_2,2,Holly,63,1,2,1,ctb
Clare_2,2,Clare,63,0,2,1,ctb
Marta_2,2,Marta,63,1,2,1,ctb
Matt_2,2,Matt,63,0,2,1,ctb
Johan_2,2,Johan,64,0,2,1,ctb
Tina_2,2,Tina,64,0,2,1,ctb
Steve_2,2,Steve,64,1,2,1,ctb
Rik_2,2,Rik,64,0,2,1,ctb
Sneha_2,2,Sneha,64,0,2,1,ctb
Verity_2,2,Verity,64,0,2,1,ctb
Holly_2,2,Holly,64,1,2,1,ctb
Clare_2,2,Clare,64,1,2,1,ctb
Marta_2,2,Marta,64,1,2,1,ctb
Matt_2,2,Matt,64,1,2,1,ctb
Johan_2,2,Johan,65,0,3,1,ctb
Tina_2,2,Tina,65,0,3,1,ctb
Steve_2,2,Steve,65,0,3,1,ctb
Rik_2,2,Rik,65,0,3,1,ctb
Sneha_2,2,Sneha,65,0,3,1,ctb
Verity_2,2,Verity,65,0,3,1,ctb
Holly_2,2,Holly,65,0,3,1,ctb
Clare_2,2,Clare,65,1,3,1,ctb
Marta_2,2,Marta,65,1,3,1,ctb
Matt_2,2,Matt,65,0,3,1,ctb
Johan_2,2,Johan,66,1,1,1,ctb
Tina_2,2,Tina,66,0,1,1,ctb
Steve_2,2,Steve,66,1,1,1,ctb
Rik_2,2,Rik,66,0,1,1,ctb
Sneha_2,2,Sneha,66,0,1,1,ctb
Verity_2,2,Verity,66,1,1,1,ctb
Holly_2,2,Holly,66,0,1,1,ctb
Clare_2,2,Clare,66,0,1,1,ctb
Marta_2,2,Marta,66,0,1,1,ctb
Matt_2,2,Matt,66,0,1,1,ctb
Johan_2,2,Johan,67,0,1,1,ctb
Tina_2,2,Tina,67,0,1,1,ctb
Steve_2,2,Steve,67,0,1,1,ctb
Rik_2,2,Rik,67,1,1,1,ctb
Sneha_2,2,Sneha,67,0,1,1,ctb
Verity_2,2,Verity,67,0,1,1,ctb
Holly_2,2,Holly,67,0,1,1,ctb
Clare_2,2,Clare,67,0,1,1,ctb
Marta_2,2,Marta,67,0,1,1,ctb
Matt_2,2,Matt,67,0,1,1,ctb
Johan_2,2,Johan,68,0,1,1,ctb
Tina_2,2,Tina,68,0,1,1,ctb
Steve_2,2,Steve,68,0,1,1,ctb
Rik_2,2,Rik,68,0,1,1,ctb
Sneha_2,2,Sneha,68,0,1,1,ctb
Verity_2,2,Verity,68,0,1,1,ctb
Holly_2,2,Holly,68,0,1,1,ctb
Clare_2,2,Clare,68,0,1,1,ctb
Marta_2,2,Marta,68,0,1,1,ctb
Matt_2,2,Matt,68,0,1,1,ctb
Johan_2,2,Johan,69,1,1,1,ctb
Tina_2,2,Tina,69,0,1,1,ctb
Steve_2,2,Steve,69,0,1,1,ctb
Rik_2,2,Rik,69,1,1,1,ctb
Sneha_2,2,Sneha,69,1,1,1,ctb
Verity_2,2,Verity,69,0,1,1,ctb
Holly_2,2,Holly,69,0,1,1,ctb
Clare_2,2,Clare,69,0,1,1,ctb
Marta_2,2,Marta,69,0,1,1,ctb
Matt_2,2,Matt,69,0,1,1,ctb
Johan_2,2,Johan,70,1,1,1,ctb
Tina_2,2,Tina,70,0,1,1,ctb
Steve_2,2,Steve,70,0,1,1,ctb
Rik_2,2,Rik,70,0,1,1,ctb
Sneha_2,2,Sneha,70,0,1,1,ctb
Verity_2,2,Verity,70,0,1,1,ctb
Holly_2,2,Holly,70,0,1,1,ctb
Clare_2,2,Clare,70,1,1,1,ctb
Marta_2,2,Marta,70,1,1,1,ctb
Matt_2,2,Matt,70,0,1,1,ctb
Johan_2,2,Johan,71,0,1,1,ctb
Tina_2,2,Tina,71,0,1,1,ctb
Steve_2,2,Steve,71,0,1,1,ctb
Rik_2,2,Rik,71,1,1,1,ctb
Sneha_2,2,Sneha,71,0,1,1,ctb
Verity_2,2,Verity,71,0,1,1,ctb
Holly_2,2,Holly,71,1,1,1,ctb
Clare_2,2,Clare,71,0,1,1,ctb
Marta_2,2,Marta,71,0,1,1,ctb
Matt_2,2,Matt,71,0,1,1,ctb
Johan_2,2,Johan,72,0,1,1,ctb
Tina_2,2,Tina,72,0,1,1,ctb
Steve_2,2,Steve,72,1,1,1,ctb
Rik_2,2,Rik,72,0,1,1,ctb
Sneha_2,2,Sneha,72,0,1,1,ctb
Verity_2,2,Verity,72,0,1,1,ctb
Holly_2,2,Holly,72,0,1,1,ctb
Clare_2,2,Clare,72,1,1,1,ctb
Marta_2,2,Marta,72,0,1,1,ctb
Matt_2,2,Matt,72,1,1,1,ctb
Johan_2,2,Johan,73,0,1,1,ctb
Tina_2,2,Tina,73,0,1,1,ctb
Steve_2,2,Steve,73,1,1,1,ctb
Rik_2,2,Rik,73,0,1,1,ctb
Sneha_2,2,Sneha,73,0,1,1,ctb
Verity_2,2,Verity,73,0,1,1,ctb
Holly_2,2,Holly,73,0,1,1,ctb
Clare_2,2,Clare,73,0,1,1,ctb
Marta_2,2,Marta,73,0,1,1,ctb
Matt_2,2,Matt,73,0,1,1,ctb
Johan_2,2,Johan,74,1,1,1,ctb
Tina_2,2,Tina,74,0,1,1,ctb
Steve_2,2,Steve,74,1,1,1,ctb
Rik_2,2,Rik,74,1,1,1,ctb
Sneha_2,2,Sneha,74,0,1,1,ctb
Verity_2,2,Verity,74,0,1,1,ctb
Holly_2,2,Holly,74,0,1,1,ctb
Clare_2,2,Clare,74,0,1,1,ctb
Marta_2,2,Marta,74,0,1,1,ctb
Matt_2,2,Matt,74,0,1,1,ctb
Johan_2,2,Johan,75,0,1,1,ctb
Tina_2,2,Tina,75,0,1,1,ctb
Steve_2,2,Steve,75,1,1,1,ctb
Rik_2,2,Rik,75,1,1,1,ctb
Sneha_2,2,Sneha,75,0,1,1,ctb
Verity_2,2,Verity,75,0,1,1,ctb
Holly_2,2,Holly,75,0,1,1,ctb
Clare_2,2,Clare,75,0,1,1,ctb
Marta_2,2,Marta,75,1,1,1,ctb
Matt_2,2,Matt,75,0,1,1,ctb
Johan_2,2,Johan,76,0,1,1,ctb
Tina_2,2,Tina,76,0,1,1,ctb
Steve_2,2,Steve,76,0,1,1,ctb
Rik_2,2,Rik,76,0,1,1,ctb
Sneha_2,2,Sneha,76,0,1,1,ctb
Verity_2,2,Verity,76,1,1,1,ctb
Holly_2,2,Holly,76,0,1,1,ctb
Clare_2,2,Clare,76,0,1,1,ctb
Marta_2,2,Marta,76,1,1,1,ctb
Matt_2,2,Matt,76,1,1,1,ctb
Johan_2,2,Johan,77,0,1,1,ctb
Tina_2,2,Tina,77,0,1,1,ctb
Steve_2,2,Steve,77,0,1,1,ctb
Rik_2,2,Rik,77,0,1,1,ctb
Sneha_2,2,Sneha,77,0,1,1,ctb
Verity_2,2,Verity,77,0,1,1,ctb
Holly_2,2,Holly,77,0,1,1,ctb
Clare_2,2,Clare,77,0,1,1,ctb
Marta_2,2,Marta,77,0,1,1,ctb
Matt_2,2,Matt,77,0,1,1,ctb
Johan_2,2,Johan,78,1,3,1,ctb
Tina_2,2,Tina,78,0,3,1,ctb
Steve_2,2,Steve,78,0,3,1,ctb
Rik_2,2,Rik,78,0,3,1,ctb
Sneha_2,2,Sneha,78,0,3,1,ctb
Verity_2,2,Verity,78,0,3,1,ctb
Holly_2,2,Holly,78,0,3,1,ctb
Clare_2,2,Clare,78,0,3,1,ctb
Marta_2,2,Marta,78,0,3,1,ctb
Matt_2,2,Matt,78,0,3,1,ctb
Johan_2,2,Johan,79,0,2,1,ctb
Tina_2,2,Tina,79,0,2,1,ctb
Steve_2,2,Steve,79,0,2,1,ctb
Rik_2,2,Rik,79,0,2,1,ctb
Sneha_2,2,Sneha,79,0,2,1,ctb
Verity_2,2,Verity,79,0,2,1,ctb
Holly_2,2,Holly,79,0,2,1,ctb
Clare_2,2,Clare,79,0,2,1,ctb
Marta_2,2,Marta,79,0,2,1,ctb
Matt_2,2,Matt,79,0,2,1,ctb
Johan_2,2,Johan,80,0,2,1,ctb
Tina_2,2,Tina,80,0,2,1,ctb
Steve_2,2,Steve,80,0,2,1,ctb
Rik_2,2,Rik,80,0,2,1,ctb
Sneha_2,2,Sneha,80,0,2,1,ctb
Verity_2,2,Verity,80,0,2,1,ctb
Holly_2,2,Holly,80,0,2,1,ctb
Clare_2,2,Clare,80,1,2,1,ctb
Marta_2,2,Marta,80,1,2,1,ctb
Matt_2,2,Matt,80,1,2,1,ctb
Johan_2,2,Johan,81,0,3,1,ctb
Tina_2,2,Tina,81,0,3,1,ctb
Steve_2,2,Steve,81,0,3,1,ctb
Rik_2,2,Rik,81,0,3,1,ctb
Sneha_2,2,Sneha,81,0,3,1,ctb
Verity_2,2,Verity,81,0,3,1,ctb
Holly_2,2,Holly,81,0,3,1,ctb
Clare_2,2,Clare,81,0,3,1,ctb
Marta_2,2,Marta,81,1,3,1,ctb
Matt_2,2,Matt,81,0,3,1,ctb
Johan_2,2,Johan,82,0,2,1,ctb
Tina_2,2,Tina,82,0,2,1,ctb
Steve_2,2,Steve,82,0,2,1,ctb
Rik_2,2,Rik,82,0,2,1,ctb
Sneha_2,2,Sneha,82,0,2,1,ctb
Verity_2,2,Verity,82,1,2,1,ctb
Holly_2,2,Holly,82,0,2,1,ctb
Clare_2,2,Clare,82,1,2,1,ctb
Marta_2,2,Marta,82,1,2,1,ctb
Matt_2,2,Matt,82,0,2,1,ctb
Johan_2,2,Johan,83,1,3,1,ctb
Tina_2,2,Tina,83,0,3,1,ctb
Steve_2,2,Steve,83,0,3,1,ctb
Rik_2,2,Rik,83,0,3,1,ctb
Sneha_2,2,Sneha,83,0,3,1,ctb
Verity_2,2,Verity,83,0,3,1,ctb
Holly_2,2,Holly,83,0,3,1,ctb
Clare_2,2,Clare,83,0,3,1,ctb
Marta_2,2,Marta,83,0,3,1,ctb
Matt_2,2,Matt,83,0,3,1,ctb
Johan_2,2,Johan,84,1,3,1,ctb
Tina_2,2,Tina,84,0,3,1,ctb
Steve_2,2,Steve,84,1,3,1,ctb
Rik_2,2,Rik,84,0,3,1,ctb
Sneha_2,2,Sneha,84,0,3,1,ctb
Verity_2,2,Verity,84,1,3,1,ctb
Holly_2,2,Holly,84,0,3,1,ctb
Clare_2,2,Clare,84,1,3,1,ctb
Marta_2,2,Marta,84,0,3,1,ctb
Matt_2,2,Matt,84,0,3,1,ctb
Johan_2,2,Johan,85,0,2,1,ctb
Tina_2,2,Tina,85,0,2,1,ctb
Steve_2,2,Steve,85,0,2,1,ctb
Rik_2,2,Rik,85,0,2,1,ctb
Sneha_2,2,Sneha,85,0,2,1,ctb
Verity_2,2,Verity,85,1,2,1,ctb
Holly_2,2,Holly,85,0,2,1,ctb
Clare_2,2,Clare,85,1,2,1,ctb
Marta_2,2,Marta,85,0,2,1,ctb
Matt_2,2,Matt,85,0,2,1,ctb
Johan_2,2,Johan,86,0,2,1,ctb
Tina_2,2,Tina,86,0,2,1,ctb
Steve_2,2,Steve,86,1,2,1,ctb
Rik_2,2,Rik,86,0,2,1,ctb
Sneha_2,2,Sneha,86,1,2,1,ctb
Verity_2,2,Verity,86,0,2,1,ctb
Holly_2,2,Holly,86,0,2,1,ctb
Clare_2,2,Clare,86,0,2,1,ctb
Marta_2,2,Marta,86,1,2,1,ctb
Matt_2,2,Matt,86,0,2,1,ctb
Johan_2,2,Johan,87,0,3,1,ctb
Tina_2,2,Tina,87,1,3,1,ctb
Steve_2,2,Steve,87,0,3,1,ctb
Rik_2,2,Rik,87,0,3,1,ctb
Sneha_2,2,Sneha,87,0,3,1,ctb
Verity_2,2,Verity,87,0,3,1,ctb
Holly_2,2,Holly,87,0,3,1,ctb
Clare_2,2,Clare,87,0,3,1,ctb
Marta_2,2,Marta,87,1,3,1,ctb
Matt_2,2,Matt,87,0,3,1,ctb
Johan_2,2,Johan,88,0,2,1,ctb
Tina_2,2,Tina,88,0,2,1,ctb
Steve_2,2,Steve,88,0,2,1,ctb
Rik_2,2,Rik,88,0,2,1,ctb
Sneha_2,2,Sneha,88,0,2,1,ctb
Verity_2,2,Verity,88,0,2,1,ctb
Holly_2,2,Holly,88,0,2,1,ctb
Clare_2,2,Clare,88,0,2,1,ctb
Marta_2,2,Marta,88,0,2,1,ctb
Matt_2,2,Matt,88,0,2,1,ctb
Johan_2,2,Johan,89,0,3,1,ctb
Tina_2,2,Tina,89,0,3,1,ctb
Steve_2,2,Steve,89,0,3,1,ctb
Rik_2,2,Rik,89,1,3,1,ctb
Sneha_2,2,Sneha,89,0,3,1,ctb
Verity_2,2,Verity,89,0,3,1,ctb
Holly_2,2,Holly,89,0,3,1,ctb
Clare_2,2,Clare,89,0,3,1,ctb
Marta_2,2,Marta,89,0,3,1,ctb
Matt_2,2,Matt,89,0,3,1,ctb
Johan_2,2,Johan,90,0,2,1,ctb
Tina_2,2,Tina,90,0,2,1,ctb
Steve_2,2,Steve,90,0,2,1,ctb
Rik_2,2,Rik,90,0,2,1,ctb
Sneha_2,2,Sneha,90,0,2,1,ctb
Verity_2,2,Verity,90,0,2,1,ctb
Holly_2,2,Holly,90,0,2,1,ctb
Clare_2,2,Clare,90,1,2,1,ctb
Marta_2,2,Marta,90,0,2,1,ctb
Matt_2,2,Matt,90,1,2,1,ctb
Johan_2,2,Johan,91,0,3,1,ctb
Tina_2,2,Tina,91,0,3,1,ctb
Steve_2,2,Steve,91,0,3,1,ctb
Rik_2,2,Rik,91,0,3,1,ctb
Sneha_2,2,Sneha,91,0,3,1,ctb
Verity_2,2,Verity,91,0,3,1,ctb
Holly_2,2,Holly,91,0,3,1,ctb
Clare_2,2,Clare,91,0,3,1,ctb
Marta_2,2,Marta,91,0,3,1,ctb
Matt_2,2,Matt,91,0,3,1,ctb
Johan_3,3,Johan,51,1,3,1,ctb
Tina_3,3,Tina,51,0,3,1,ctb
Steve_3,3,Steve,51,0,3,1,ctb
Rik_3,3,Rik,51,0,3,1,ctb
Sneha_3,3,Sneha,51,0,3,1,ctb
Verity_3,3,Verity,51,0,3,1,ctb
Holly_3,3,Holly,51,0,3,1,ctb
Clare_3,3,Clare,51,1,3,1,ctb
Marta_3,3,Marta,51,0,3,1,ctb
Matt_3,3,Matt,51,1,3,1,ctb
Johan_3,3,Johan,52,0,2,1,ctb
Tina_3,3,Tina,52,1,2,1,ctb
Steve_3,3,Steve,52,0,2,1,ctb
Rik_3,3,Rik,52,1,2,1,ctb
Sneha_3,3,Sneha,52,0,2,1,ctb
Verity_3,3,Verity,52,0,2,1,ctb
Holly_3,3,Holly,52,0,2,1,ctb
Clare_3,3,Clare,52,0,2,1,ctb
Marta_3,3,Marta,52,1,2,1,ctb
Matt_3,3,Matt,52,0,2,1,ctb
Johan_3,3,Johan,53,1,3,1,ctb
Tina_3,3,Tina,53,0,3,1,ctb
Steve_3,3,Steve,53,0,3,1,ctb
Rik_3,3,Rik,53,0,3,1,ctb
Sneha_3,3,Sneha,53,0,3,1,ctb
Verity_3,3,Verity,53,0,3,1,ctb
Holly_3,3,Holly,53,0,3,1,ctb
Clare_3,3,Clare,53,0,3,1,ctb
Marta_3,3,Marta,53,0,3,1,ctb
Matt_3,3,Matt,53,0,3,1,ctb
Johan_3,3,Johan,54,0,3,1,ctb
Tina_3,3,Tina,54,0,3,1,ctb
Steve_3,3,Steve,54,0,3,1,ctb
Rik_3,3,Rik,54,0,3,1,ctb
Sneha_3,3,Sneha,54,1,3,1,ctb
Verity_3,3,Verity,54,1,3,1,ctb
Holly_3,3,Holly,54,0,3,1,ctb
Clare_3,3,Clare,54,0,3,1,ctb
Marta_3,3,Marta,54,0,3,1,ctb
Matt_3,3,Matt,54,0,3,1,ctb
Johan_3,3,Johan,55,0,2,1,ctb
Tina_3,3,Tina,55,0,2,1,ctb
Steve_3,3,Steve,55,1,2,1,ctb
Rik_3,3,Rik,55,1,2,1,ctb
Sneha_3,3,Sneha,55,1,2,1,ctb
Verity_3,3,Verity,55,0,2,1,ctb
Holly_3,3,Holly,55,0,2,1,ctb
Clare_3,3,Clare,55,1,2,1,ctb
Marta_3,3,Marta,55,0,2,1,ctb
Matt_3,3,Matt,55,1,2,1,ctb
Johan_3,3,Johan,56,1,3,1,ctb
Tina_3,3,Tina,56,0,3,1,ctb
Steve_3,3,Steve,56,1,3,1,ctb
Rik_3,3,Rik,56,1,3,1,ctb
Sneha_3,3,Sneha,56,1,3,1,ctb
Verity_3,3,Verity,56,1,3,1,ctb
Holly_3,3,Holly,56,0,3,1,ctb
Clare_3,3,Clare,56,1,3,1,ctb
Marta_3,3,Marta,56,0,3,1,ctb
Matt_3,3,Matt,56,0,3,1,ctb
Johan_3,3,Johan,57,1,2,1,ctb
Tina_3,3,Tina,57,0,2,1,ctb
Steve_3,3,Steve,57,1,2,1,ctb
Rik_3,3,Rik,57,1,2,1,ctb
Sneha_3,3,Sneha,57,1,2,1,ctb
Verity_3,3,Verity,57,0,2,1,ctb
Holly_3,3,Holly,57,0,2,1,ctb
Clare_3,3,Clare,57,0,2,1,ctb
Marta_3,3,Marta,57,1,2,1,ctb
Matt_3,3,Matt,57,0,2,1,ctb
Johan_3,3,Johan,58,0,2,1,ctb
Tina_3,3,Tina,58,0,2,1,ctb
Steve_3,3,Steve,58,1,2,1,ctb
Rik_3,3,Rik,58,0,2,1,ctb
Sneha_3,3,Sneha,58,0,2,1,ctb
Verity_3,3,Verity,58,1,2,1,ctb
Holly_3,3,Holly,58,0,2,1,ctb
Clare_3,3,Clare,58,0,2,1,ctb
Marta_3,3,Marta,58,0,2,1,ctb
Matt_3,3,Matt,58,0,2,1,ctb
Johan_3,3,Johan,59,0,3,1,ctb
Tina_3,3,Tina,59,0,3,1,ctb
Steve_3,3,Steve,59,0,3,1,ctb
Rik_3,3,Rik,59,1,3,1,ctb
Sneha_3,3,Sneha,59,0,3,1,ctb
Verity_3,3,Verity,59,0,3,1,ctb
Holly_3,3,Holly,59,0,3,1,ctb
Clare_3,3,Clare,59,0,3,1,ctb
Marta_3,3,Marta,59,0,3,1,ctb
Matt_3,3,Matt,59,1,3,1,ctb
Johan_3,3,Johan,60,1,3,1,ctb
Tina_3,3,Tina,60,0,3,1,ctb
Steve_3,3,Steve,60,1,3,1,ctb
Rik_3,3,Rik,60,0,3,1,ctb
Sneha_3,3,Sneha,60,0,3,1,ctb
Verity_3,3,Verity,60,0,3,1,ctb
Holly_3,3,Holly,60,0,3,1,ctb
Clare_3,3,Clare,60,0,3,1,ctb
Marta_3,3,Marta,60,0,3,1,ctb
Matt_3,3,Matt,60,1,3,1,ctb
Johan_3,3,Johan,61,1,3,1,ctb
Tina_3,3,Tina,61,0,3,1,ctb
Steve_3,3,Steve,61,0,3,1,ctb
Rik_3,3,Rik,61,1,3,1,ctb
Sneha_3,3,Sneha,61,0,3,1,ctb
Verity_3,3,Verity,61,0,3,1,ctb
Holly_3,3,Holly,61,0,3,1,ctb
Clare_3,3,Clare,61,0,3,1,ctb
Marta_3,3,Marta,61,0,3,1,ctb
Matt_3,3,Matt,61,0,3,1,ctb
Johan_3,3,Johan,62,1,2,1,ctb
Tina_3,3,Tina,62,0,2,1,ctb
Steve_3,3,Steve,62,1,2,1,ctb
Rik_3,3,Rik,62,1,2,1,ctb
Sneha_3,3,Sneha,62,1,2,1,ctb
Verity_3,3,Verity,62,0,2,1,ctb
Holly_3,3,Holly,62,0,2,1,ctb
Clare_3,3,Clare,62,0,2,1,ctb
Marta_3,3,Marta,62,0,2,1,ctb
Matt_3,3,Matt,62,1,2,1,ctb
Johan_3,3,Johan,63,1,3,1,ctb
Tina_3,3,Tina,63,0,3,1,ctb
Steve_3,3,Steve,63,0,3,1,ctb
Rik_3,3,Rik,63,0,3,1,ctb
Sneha_3,3,Sneha,63,1,3,1,ctb
Verity_3,3,Verity,63,0,3,1,ctb
Holly_3,3,Holly,63,0,3,1,ctb
Clare_3,3,Clare,63,1,3,1,ctb
Marta_3,3,Marta,63,1,3,1,ctb
Matt_3,3,Matt,63,0,3,1,ctb
Johan_3,3,Johan,64,1,3,1,ctb
Tina_3,3,Tina,64,0,3,1,ctb
Steve_3,3,Steve,64,1,3,1,ctb
Rik_3,3,Rik,64,1,3,1,ctb
Sneha_3,3,Sneha,64,0,3,1,ctb
Verity_3,3,Verity,64,1,3,1,ctb
Holly_3,3,Holly,64,0,3,1,ctb
Clare_3,3,Clare,64,0,3,1,ctb
Marta_3,3,Marta,64,0,3,1,ctb
Matt_3,3,Matt,64,0,3,1,ctb
Johan_3,3,Johan,65,0,2,1,ctb
Tina_3,3,Tina,65,0,2,1,ctb
Steve_3,3,Steve,65,0,2,1,ctb
Rik_3,3,Rik,65,0,2,1,ctb
Sneha_3,3,Sneha,65,0,2,1,ctb
Verity_3,3,Verity,65,1,2,1,ctb
Holly_3,3,Holly,65,0,2,1,ctb
Clare_3,3,Clare,65,0,2,1,ctb
Marta_3,3,Marta,65,0,2,1,ctb
Matt_3,3,Matt,65,0,2,1,ctb
Johan_3,3,Johan,66,0,2,1,ctb
Tina_3,3,Tina,66,0,2,1,ctb
Steve_3,3,Steve,66,1,2,1,ctb
Rik_3,3,Rik,66,1,2,1,ctb
Sneha_3,3,Sneha,66,0,2,1,ctb
Verity_3,3,Verity,66,0,2,1,ctb
Holly_3,3,Holly,66,0,2,1,ctb
Clare_3,3,Clare,66,0,2,1,ctb
Marta_3,3,Marta,66,1,2,1,ctb
Matt_3,3,Matt,66,0,2,1,ctb
Johan_3,3,Johan,67,0,2,1,ctb
Tina_3,3,Tina,67,0,2,1,ctb
Steve_3,3,Steve,67,0,2,1,ctb
Rik_3,3,Rik,67,1,2,1,ctb
Sneha_3,3,Sneha,67,1,2,1,ctb
Verity_3,3,Verity,67,0,2,1,ctb
Holly_3,3,Holly,67,0,2,1,ctb
Clare_3,3,Clare,67,0,2,1,ctb
Marta_3,3,Marta,67,0,2,1,ctb
Matt_3,3,Matt,67,0,2,1,ctb
Johan_3,3,Johan,68,1,3,1,ctb
Tina_3,3,Tina,68,0,3,1,ctb
Steve_3,3,Steve,68,0,3,1,ctb
Rik_3,3,Rik,68,0,3,1,ctb
Sneha_3,3,Sneha,68,1,3,1,ctb
Verity_3,3,Verity,68,0,3,1,ctb
Holly_3,3,Holly,68,0,3,1,ctb
Clare_3,3,Clare,68,1,3,1,ctb
Marta_3,3,Marta,68,0,3,1,ctb
Matt_3,3,Matt,68,0,3,1,ctb
Johan_3,3,Johan,69,1,2,1,ctb
Tina_3,3,Tina,69,0,2,1,ctb
Steve_3,3,Steve,69,0,2,1,ctb
Rik_3,3,Rik,69,0,2,1,ctb
Sneha_3,3,Sneha,69,0,2,1,ctb
Verity_3,3,Verity,69,1,2,1,ctb
Holly_3,3,Holly,69,0,2,1,ctb
Clare_3,3,Clare,69,0,2,1,ctb
Marta_3,3,Marta,69,0,2,1,ctb
Matt_3,3,Matt,69,0,2,1,ctb
Johan_3,3,Johan,70,1,3,1,ctb
Tina_3,3,Tina,70,1,3,1,ctb
Steve_3,3,Steve,70,0,3,1,ctb
Rik_3,3,Rik,70,1,3,1,ctb
Sneha_3,3,Sneha,70,0,3,1,ctb
Verity_3,3,Verity,70,0,3,1,ctb
Holly_3,3,Holly,70,0,3,1,ctb
Clare_3,3,Clare,70,0,3,1,ctb
Marta_3,3,Marta,70,0,3,1,ctb
Matt_3,3,Matt,70,1,3,1,ctb
Johan_3,3,Johan,71,1,3,1,ctb
Tina_3,3,Tina,71,0,3,1,ctb
Steve_3,3,Steve,71,1,3,1,ctb
Rik_3,3,Rik,71,0,3,1,ctb
Sneha_3,3,Sneha,71,0,3,1,ctb
Verity_3,3,Verity,71,1,3,1,ctb
Holly_3,3,Holly,71,0,3,1,ctb
Clare_3,3,Clare,71,1,3,1,ctb
Marta_3,3,Marta,71,0,3,1,ctb
Matt_3,3,Matt,71,0,3,1,ctb
Johan_3,3,Johan,72,1,3,1,ctb
Tina_3,3,Tina,72,1,3,1,ctb
Steve_3,3,Steve,72,1,3,1,ctb
Rik_3,3,Rik,72,1,3,1,ctb
Sneha_3,3,Sneha,72,1,3,1,ctb
Verity_3,3,Verity,72,1,3,1,ctb
Holly_3,3,Holly,72,0,3,1,ctb
Clare_3,3,Clare,72,1,3,1,ctb
Marta_3,3,Marta,72,1,3,1,ctb
Matt_3,3,Matt,72,0,3,1,ctb
Johan_3,3,Johan,73,1,3,1,ctb
Tina_3,3,Tina,73,1,3,1,ctb
Steve_3,3,Steve,73,0,3,1,ctb
Rik_3,3,Rik,73,1,3,1,ctb
Sneha_3,3,Sneha,73,0,3,1,ctb
Verity_3,3,Verity,73,0,3,1,ctb
Holly_3,3,Holly,73,0,3,1,ctb
Clare_3,3,Clare,73,0,3,1,ctb
Marta_3,3,Marta,73,1,3,1,ctb
Matt_3,3,Matt,73,0,3,1,ctb
Johan_3,3,Johan,74,0,3,1,ctb
Tina_3,3,Tina,74,0,3,1,ctb
Steve_3,3,Steve,74,0,3,1,ctb
Rik_3,3,Rik,74,0,3,1,ctb
Sneha_3,3,Sneha,74,1,3,1,ctb
Verity_3,3,Verity,74,0,3,1,ctb
Holly_3,3,Holly,74,1,3,1,ctb
Clare_3,3,Clare,74,0,3,1,ctb
Marta_3,3,Marta,74,0,3,1,ctb
Matt_3,3,Matt,74,0,3,1,ctb
Johan_3,3,Johan,75,1,3,1,ctb
Tina_3,3,Tina,75,0,3,1,ctb
Steve_3,3,Steve,75,1,3,1,ctb
Rik_3,3,Rik,75,0,3,1,ctb
Sneha_3,3,Sneha,75,1,3,1,ctb
Verity_3,3,Verity,75,0,3,1,ctb
Holly_3,3,Holly,75,0,3,1,ctb
Clare_3,3,Clare,75,1,3,1,ctb
Marta_3,3,Marta,75,1,3,1,ctb
Matt_3,3,Matt,75,0,3,1,ctb
Johan_3,3,Johan,76,0,3,1,ctb
Tina_3,3,Tina,76,0,3,1,ctb
Steve_3,3,Steve,76,0,3,1,ctb
Rik_3,3,Rik,76,0,3,1,ctb
Sneha_3,3,Sneha,76,0,3,1,ctb
Verity_3,3,Verity,76,0,3,1,ctb
Holly_3,3,Holly,76,1,3,1,ctb
Clare_3,3,Clare,76,1,3,1,ctb
Marta_3,3,Marta,76,1,3,1,ctb
Matt_3,3,Matt,76,0,3,1,ctb
Johan_3,3,Johan,77,0,3,1,ctb
Tina_3,3,Tina,77,0,3,1,ctb
Steve_3,3,Steve,77,0,3,1,ctb
Rik_3,3,Rik,77,0,3,1,ctb
Sneha_3,3,Sneha,77,0,3,1,ctb
Verity_3,3,Verity,77,0,3,1,ctb
Holly_3,3,Holly,77,0,3,1,ctb
Clare_3,3,Clare,77,1,3,1,ctb
Marta_3,3,Marta,77,0,3,1,ctb
Matt_3,3,Matt,77,0,3,1,ctb
Johan_3,3,Johan,78,0,1,1,ctb
Tina_3,3,Tina,78,0,1,1,ctb
Steve_3,3,Steve,78,1,1,1,ctb
Rik_3,3,Rik,78,1,1,1,ctb
Sneha_3,3,Sneha,78,0,1,1,ctb
Verity_3,3,Verity,78,0,1,1,ctb
Holly_3,3,Holly,78,0,1,1,ctb
Clare_3,3,Clare,78,0,1,1,ctb
Marta_3,3,Marta,78,0,1,1,ctb
Matt_3,3,Matt,78,0,1,1,ctb
Johan_3,3,Johan,79,0,1,1,ctb
Tina_3,3,Tina,79,0,1,1,ctb
Steve_3,3,Steve,79,0,1,1,ctb
Rik_3,3,Rik,79,0,1,1,ctb
Sneha_3,3,Sneha,79,0,1,1,ctb
Verity_3,3,Verity,79,0,1,1,ctb
Holly_3,3,Holly,79,0,1,1,ctb
Clare_3,3,Clare,79,0,1,1,ctb
Marta_3,3,Marta,79,1,1,1,ctb
Matt_3,3,Matt,79,0,1,1,ctb
Johan_3,3,Johan,80,0,1,1,ctb
Tina_3,3,Tina,80,0,1,1,ctb
Steve_3,3,Steve,80,0,1,1,ctb
Rik_3,3,Rik,80,1,1,1,ctb
Sneha_3,3,Sneha,80,0,1,1,ctb
Verity_3,3,Verity,80,0,1,1,ctb
Holly_3,3,Holly,80,0,1,1,ctb
Clare_3,3,Clare,80,0,1,1,ctb
Marta_3,3,Marta,80,0,1,1,ctb
Matt_3,3,Matt,80,0,1,1,ctb
Johan_3,3,Johan,81,0,1,1,ctb
Tina_3,3,Tina,81,0,1,1,ctb
Steve_3,3,Steve,81,0,1,1,ctb
Rik_3,3,Rik,81,0,1,1,ctb
Sneha_3,3,Sneha,81,0,1,1,ctb
Verity_3,3,Verity,81,1,1,1,ctb
Holly_3,3,Holly,81,0,1,1,ctb
Clare_3,3,Clare,81,1,1,1,ctb
Marta_3,3,Marta,81,0,1,1,ctb
Matt_3,3,Matt,81,0,1,1,ctb
Johan_3,3,Johan,82,0,1,1,ctb
Tina_3,3,Tina,82,0,1,1,ctb
Steve_3,3,Steve,82,0,1,1,ctb
Rik_3,3,Rik,82,0,1,1,ctb
Sneha_3,3,Sneha,82,0,1,1,ctb
Verity_3,3,Verity,82,0,1,1,ctb
Holly_3,3,Holly,82,0,1,1,ctb
Clare_3,3,Clare,82,0,1,1,ctb
Marta_3,3,Marta,82,0,1,1,ctb
Matt_3,3,Matt,82,0,1,1,ctb
Johan_3,3,Johan,83,0,1,1,ctb
Tina_3,3,Tina,83,0,1,1,ctb
Steve_3,3,Steve,83,0,1,1,ctb
Rik_3,3,Rik,83,0,1,1,ctb
Sneha_3,3,Sneha,83,0,1,1,ctb
Verity_3,3,Verity,83,1,1,1,ctb
Holly_3,3,Holly,83,0,1,1,ctb
Clare_3,3,Clare,83,0,1,1,ctb
Marta_3,3,Marta,83,0,1,1,ctb
Matt_3,3,Matt,83,0,1,1,ctb
Johan_3,3,Johan,84,0,1,1,ctb
Tina_3,3,Tina,84,0,1,1,ctb
Steve_3,3,Steve,84,0,1,1,ctb
Rik_3,3,Rik,84,0,1,1,ctb
Sneha_3,3,Sneha,84,1,1,1,ctb
Verity_3,3,Verity,84,0,1,1,ctb
Holly_3,3,Holly,84,0,1,1,ctb
Clare_3,3,Clare,84,0,1,1,ctb
Marta_3,3,Marta,84,1,1,1,ctb
Matt_3,3,Matt,84,0,1,1,ctb
Johan_3,3,Johan,85,1,1,1,ctb
Tina_3,3,Tina,85,0,1,1,ctb
Steve_3,3,Steve,85,0,1,1,ctb
Rik_3,3,Rik,85,0,1,1,ctb
Sneha_3,3,Sneha,85,0,1,1,ctb
Verity_3,3,Verity,85,1,1,1,ctb
Holly_3,3,Holly,85,0,1,1,ctb
Clare_3,3,Clare,85,0,1,1,ctb
Marta_3,3,Marta,85,0,1,1,ctb
Matt_3,3,Matt,85,0,1,1,ctb
Johan_3,3,Johan,86,0,1,1,ctb
Tina_3,3,Tina,86,0,1,1,ctb
Steve_3,3,Steve,86,0,1,1,ctb
Rik_3,3,Rik,86,0,1,1,ctb
Sneha_3,3,Sneha,86,0,1,1,ctb
Verity_3,3,Verity,86,0,1,1,ctb
Holly_3,3,Holly,86,0,1,1,ctb
Clare_3,3,Clare,86,0,1,1,ctb
Marta_3,3,Marta,86,0,1,1,ctb
Matt_3,3,Matt,86,1,1,1,ctb
Johan_3,3,Johan,87,0,1,1,ctb
Tina_3,3,Tina,87,1,1,1,ctb
Steve_3,3,Steve,87,0,1,1,ctb
Rik_3,3,Rik,87,0,1,1,ctb
Sneha_3,3,Sneha,87,1,1,1,ctb
Verity_3,3,Verity,87,0,1,1,ctb
Holly_3,3,Holly,87,0,1,1,ctb
Clare_3,3,Clare,87,0,1,1,ctb
Marta_3,3,Marta,87,1,1,1,ctb
Matt_3,3,Matt,87,0,1,1,ctb
Johan_3,3,Johan,88,1,1,1,ctb
Tina_3,3,Tina,88,0,1,1,ctb
Steve_3,3,Steve,88,0,1,1,ctb
Rik_3,3,Rik,88,0,1,1,ctb
Sneha_3,3,Sneha,88,0,1,1,ctb
Verity_3,3,Verity,88,0,1,1,ctb
Holly_3,3,Holly,88,0,1,1,ctb
Clare_3,3,Clare,88,0,1,1,ctb
Marta_3,3,Marta,88,0,1,1,ctb
Matt_3,3,Matt,88,0,1,1,ctb
Johan_3,3,Johan,89,1,1,1,ctb
Tina_3,3,Tina,89,0,1,1,ctb
Steve_3,3,Steve,89,1,1,1,ctb
Rik_3,3,Rik,89,1,1,1,ctb
Sneha_3,3,Sneha,89,0,1,1,ctb
Verity_3,3,Verity,89,1,1,1,ctb
Holly_3,3,Holly,89,0,1,1,ctb
Clare_3,3,Clare,89,1,1,1,ctb
Marta_3,3,Marta,89,0,1,1,ctb
Matt_3,3,Matt,89,0,1,1,ctb
Johan_3,3,Johan,90,1,1,1,ctb
Tina_3,3,Tina,90,0,1,1,ctb
Steve_3,3,Steve,90,1,1,1,ctb
Rik_3,3,Rik,90,1,1,1,ctb
Sneha_3,3,Sneha,90,1,1,1,ctb
Verity_3,3,Verity,90,0,1,1,ctb
Holly_3,3,Holly,90,0,1,1,ctb
Clare_3,3,Clare,90,0,1,1,ctb
Marta_3,3,Marta,90,0,1,1,ctb
Matt_3,3,Matt,90,0,1,1,ctb
Johan_3,3,Johan,91,0,1,1,ctb
Tina_3,3,Tina,91,0,1,1,ctb
Steve_3,3,Steve,91,0,1,1,ctb
Rik_3,3,Rik,91,0,1,1,ctb
Sneha_3,3,Sneha,91,0,1,1,ctb
Verity_3,3,Verity,91,1,1,1,ctb
Holly_3,3,Holly,91,0,1,1,ctb
Clare_3,3,Clare,91,0,1,1,ctb
Marta_3,3,Marta,91,1,1,1,ctb
Matt_3,3,Matt,91,0,1,1,ctb
